title,artist,lyrics,audio_path,genius_url,preview_url,lastfm_tags,vibe,fetch_errors,sources,spotify_id,kaggle_track_name,kaggle_artist,album,valence,energy,tempo,danceability,acousticness,instrumentalness,speechiness,liveness,key,mode,label_source
Riptide,Vance Joy,"I was scared of dentists and the dark
I was scared of pretty girls and starting conversations
Oh, all my friends are turnin' green
You're the magician's assistant in their dream

Oh-ooh, ooh, ooh
Oh, and they come unstuck

Lady, runnin' down to the riptide
Taken away to the dark side
I wanna be your left-hand man
I love you when you're singin' that song and
I got a lump in my throat 'cause
You're gonna sing the words wrong

There's this movie that I think you'll like
This guy decides to quit his job and heads to New York City
This cowboy's runnin' from himself
And she's been livin' on the highest shelf

Oh-ooh, ooh, ooh
Oh, and they come unstuck

Lady, runnin' down to the riptide
Taken away to the dark side
I wanna be your left-hand man
I love you when you're singin' that song, and
I got a lump in my throat 'cause
You're gonna sing the words wrong

I just wanna, I just wanna know
If you're gonna, if you're gonna stay
I just gotta, I just gotta know
I can't have it, I can't have it any other way
I swear she's destined for the screen
Closest thing to Michelle Pfeiffer that you've ever seen, oh

Lady, runnin' down to the riptide
Taken away to the dark side
I wanna be your left-hand man
I love you when you're singin' that song and
I got a lump in my throat 'cause
You're gonna sing the words wrong

Oh, lady, runnin' down to the riptide
Taken away to the dark side
I wanna be your left-hand man
I love you when you're singin' that song and
I got a lump in my throat 'cause
You're gonna sing the words wrong
Oh, lady, runnin' down to the riptide
Taken away to the dark side
I wanna be your left-hand man
I love you when you're singin' that song and
I got a lump in my throat 'cause
You're gonna sing the words wrong, yeah
I got a lump in my throat 'cause
You're gonna sing the words wrong",,https://genius.com/Vance-joy-riptide-lyrics,,,energetic,Spotify: 429 Client Error: Too Many Requests for url: https://api.spotify.com/v1/search?q=track%3ARiptide+artist%3AVance+Joy&type=track&limit=5,genius,3JvrhDOgAt6p7K8mDyZwRd,Riptide,Vance Joy,Dream Your Life Away (Special Edition),0.51,0.731,101.654,0.484,0.431,0.0,0.0379,0.151,1.0,1.0,kaggle
One Dance,Drake,"Baby, I like your style

Grips on your waist, front way, back way
You know that I don't play
Streets not safe but I never run away
Even when I'm away
Oti, oti
There's never much love when we go OT
I pray to make it back in one piece
I pray, I pray

That's why I need a one dance
Got a Hennessy in my hand
One more time 'fore I go
Higher powers taking a hold on me
I need a one dance
Got a Hennessy in my hand
One more time 'fore I go
Higher powers taking a hold on me

Baby, I like your style

Strength and guidance
All that I'm wishing for my friends
Nobody makes it from my ends
I had to bust up the silence
You know you gotta stick by me
Soon as you see the text, reply me
I don't wanna spend time fighting
We've got no time, and that's why

I need a one dance
Got a Hennessy in my hand
One more time 'fore I go
Higher powers taking a hold on me
I need a one dance
Got a Hennessy in my hand
One more time 'fore I go
Higher powers taking a hold on me

Got a pretty girl and she love me long time
Fine like a wine, she love me long time
Oh, yeah, very long time
Back up, back up, back up, and whine it
Back up, back up, and whine it
Girl, just back up, back up, back up, and whine, girl
Oh, yes, steady and fine
Back, up, back up and whine it, mm

Oh, tell me, I need to know
Where do you wanna go?
'Cause if you're down, I'll take it slow
Make you lose control

Where, where, where
Where, where, where, where (
Oh, yeah, very long time
)
Where, where, where (
Back up, back up, and whine am, girl
)
Where, where, where, where
'Cause if you're down (
Back up, back up, and–
)
'Cause if you're down (
Back up, back up, and–
)
'Cause if you're down (
Back up, back up, and–
)

I need a one dance (
Where, where, where
)
Got a Hennessy in my hand (
Where, where, where, where
)
One more time 'fore I go (
Where
)
Higher powers taking a hold on me (
Where, where, where, where
)
I need a one dance
Got a Hennessy in my hand
One more time 'fore I go
Higher powers taking a hold on me

How do you spell ""Hennessy?""
I put two ""N""s and two ""S""es, is it like that? Hen... Henn... Henn...
It's definitely not showing up
I know ""Hennessy"" has two ""S""es for sure, so I'm gonna take out one of the ""N""s",,https://genius.com/Drake-one-dance-lyrics,,,dark,Spotify: 429 Client Error: Too Many Requests for url: https://api.spotify.com/v1/search?q=track%3AOne+Dance+artist%3ADrake&type=track&limit=5,genius,1xznGGDReH1oQq0xzbwXa3,One Dance,Drake,Views,0.371,0.619,103.989,0.791,0.00784,0.00423,0.0532,0.351,1.0,1.0,kaggle
뚜두뚜두 (DDU-DU DDU-DU),BLACKPINK,"BLACKPINK
Ah yeah, ah yeah
BLACKPINK
Ah yeah, ah yeah

Eh, 착한 얼굴에 그렇지 못한 태도 (Uh)
가녀린 몸매 속 가려진 volume은 두 배로 (Yah, yah, double up)
거침없이 직진 굳이 보진 않지 눈치 (Woo)
Black 하면 Pink 우린 예쁘장한 savage (
BLACKPINK
)

원할 땐 대놓고 뺏지 (Uh)
넌 뭘 해도 칼로 물 베기 (Uh)
두 손엔 가득한 fat check
궁금하면 해봐 fact check
눈 높인 꼭대기
물 만난 물고기
좀 독해 난 toxic
You 혹해, I'm foxy

두 번 생각해
흔한 남들처럼 착한 척은 못 하니까
착각하지 마
쉽게 웃어주는 건 날 위한 거야
아직은 잘 모르겠지
굳이 원하면 test me, 넌 불 보듯이 뻔해
만만한 걸 원했다면
Oh, wait 'til I do what I—

Hit you with that ddu-du, ddu-du, du
Ah yeah, ah yeah
Hit you with that ddu-du, ddu-du, du
Ah yeah, ah yeah
Ddu-du, du-du-du-du-du

(Hit you with that, hit you with that, hit you with that)
BLACKPINK

지금 내가 걸어가는 거린
BLACKPINK four-way 사거리
동서남북 사방으로 run it
너네 버킷리스트 싹 다 I bought it
널 당기는 것도 멀리 밀치는 것도
제멋대로 하는 bad girl
좋건 싫어하건 누가 뭐라 하던
When the bass drop, it's another banger

두 번 생각해
흔한 남들처럼 착한 척은 못 하니까
착각하지 마
쉽게 웃어주는 건 날 위한 거야
아직은 잘 모르겠지
굳이 원하면 test me, 넌 불 보듯이 뻔해
만만한 걸 원했다면
Oh, wait 'til I do what I—

Hit you with that ddu-du, ddu-du, du
Ah yeah, ah yeah
Hit you with that ddu-du, ddu-du, du
Ah yeah, ah yeah
Ddu-du, du-du-du-du-du

What you gonna do when I come, come through
With that, that uh? Uh-huh
What you gonna do when I come, come through
With that, that uh? Uh-huh
뜨거워, 뜨거워, 뜨거워 like fire
(Ddu-du, du-du-du-du-du, ddu-du, du-du-du-du-du)
뜨거워, 뜨거워, 뜨거워 like fire
(Ddu-du, du-du-du-du-du, ddu-du, du-du-du-du-du)

BLACKPINK
Hey
(Ddu-du, du-du-du-du, du-du-du-du)
Ah yeah, ah yeah, ah yeah, ah yeah
뜨거워, 뜨거워, 뜨거워 like fire
Hey
뜨거워, 뜨거워, 뜨거워 like fire
Hit you with that ddu-du, ddu-du, du",,https://genius.com/Blackpink-ddu-du-ddu-du-lyrics,,,aggressive,Spotify: 429 Client Error: Too Many Requests for url: https://api.spotify.com/v1/search?q=track%3A%EB%9A%9C%EB%91%90%EB%9A%9C%EB%91%90+%28DDU-DU+DDU-DU%29+artist%3ABLACKPINK&type=track&limit=5,genius,7b8YOVV5quZcSKEijDgyWB,DDU-DU DDU-DU,BLACKPINK,SQUARE UP,0.389,0.859,139.931,0.671,0.0323,0.0,0.0833,0.267,4.0,0.0,kaggle
Do I Wanna Know?,Arctic Monkeys,"Have you got colour in your cheeks?
Do you ever get that fear that you can't shift the type
That sticks around like summat in your teeth?
Are there some aces up your sleeve?
Have you no idea that you're in deep?
I've dreamt about you nearly every night this week
How many secrets can you keep?
'Cause there's this tune I found
That makes me think of you somehow an' I play it on repeat
Until I fall asleep, spillin' drinks on my settee

(Do I wanna know) If this feelin' flows both ways?
(Sad to see you go) Was sorta hopin' that you'd stay
(Baby, we both know) That the nights were mainly made
For sayin' things that you can't say tomorrow day

Crawlin' back to you
Ever thought of callin' when
You've had a few?
'Cause I always do
Maybe I'm too
Busy bein' yours
To fall for somebody new
Now I've thought it through
Crawlin' back to you

So have you got the guts?
Been wonderin' if your heart's still open
And if so, I wanna know what time it shuts
Simmer down an' pucker up, I'm sorry to interrupt
It's just I'm constantly on the cusp of tryin' to kiss you
But I don't know if you feel the same as I do
But we could be together if you wanted to

(Do I wanna know) If this feelin' flows both ways?
(Sad to see you go) Was sorta hopin' that you'd stay
(Baby, we both know) That the nights were mainly made
For sayin' things that you can't say tomorrow day

Crawlin' back to you (Crawlin' back to you)
Ever thought of callin' when
You've had a few? (You've had a few)
'Cause I always do ('Cause I always do)
Maybe I'm too (Maybe I'm too busy)
Busy bein' yours (Bein' yours)
To fall for somebody new
Now I've thought it through
Crawlin' back to you

(Do I wanna know) If this feelin' flows both ways?
(Sad to see you go) Was sorta hopin' that you'd stay
(Baby, we both know) That the nights were mainly made
For sayin' things that you can't say tomorrow day
(Do I wanna know?) Too busy bein' yours to fall
(Sad to see you go) Ever thought of callin', darlin'?
(Do I wanna know?) Do you want me crawlin' back to you?",,https://genius.com/Arctic-monkeys-do-i-wanna-know-lyrics,,,dark,Spotify: 429 Client Error: Too Many Requests for url: https://api.spotify.com/v1/search?q=track%3ADo+I+Wanna+Know%3F+artist%3AArctic+Monkeys&type=track&limit=5,genius,5FVd6KXrgO9B3JPmC8OPst,Do I Wanna Know?,Arctic Monkeys,AM,0.405,0.532,85.03,0.548,0.186,0.000263,0.0323,0.217,5.0,1.0,kaggle
Mr. Brightside,The Killers,"Comin' out of my cage and I've been doin' just fine
Gotta, gotta be down because I want it all
It started out with a kiss, how did it end up like this?
It was only a kiss, it was only a kiss
Now I'm falling asleep and she's calling a cab
While he's having a smoke and she's taking a drag
Now they're goin' to bed and my stomach is sick
And it's all in my head, but she's touching his

Chest now
He takes off her dress now
Let me go
And I just can't look, it's killing me
And taking control

Jealousy
Turning saints into the sea
Swimming through sick lullabies
Choking on your alibis
But it's just the price I pay
Destiny is calling me
Open up my eager eyes
'Cause I'm Mr. Brightside


I'm comin' out of my cage and I've been doin' just fine
Gotta, gotta be down because I want it all
It started out with a kiss, how did it end up like this?
(It was only a kiss) It was only a kiss
Now I'm falling asleep and she's calling a cab
While he's havin' a smoke and she's taking a drag
Now they're goin' to bed and my stomach is sick
And it's all in my head, but she's touching his

Chest now
He takes off her dress now
Let me go
'Cause I just can't look, it's killing me
And taking control

Jealousy
Turning saints into the sea
Swimming through sick lullabies
Choking on your alibis
But it's just the price I pay
Destiny is calling me
Open up my eager eyes
'Cause I'm Mr. Brightside


I never
I never
I never
I never",,https://genius.com/The-killers-mr-brightside-lyrics,,,aggressive,Spotify: 429 Client Error: Too Many Requests for url: https://api.spotify.com/v1/search?q=track%3AMr.+Brightside+artist%3AThe+Killers&type=track&limit=5,genius,7d8GetOsjbxYnlo6Y9e5Kw,Mr. Brightside,The Killers,Hot Fuss,0.239,0.928,148.026,0.352,0.00113,0.0,0.0758,0.0987,1.0,1.0,kaggle
Creep,Radiohead,"When you were here before
Couldn't look you in the eye
You're just like an angel
Your skin makes me cry
You float like a feather
In a beautiful world
I wish I was special
You're so fuckin' special

But I'm a creep
I'm a weirdo
What the hell am I doin' here?
I don't belong here

I don't care if it hurts
I wanna have control
I want a perfect body
I want a perfect soul
I want you to notice
When I'm not around
You're so fuckin' special
I wish I was special

But I'm a creep
I'm a weirdo
What the hell am I doin' here?
I don't belong here
Oh-oh, oh-oh

She's runnin' out the door
She's runnin' out
She run, run, run, run
Run

Whatever makes you happy
Whatever you want
You're so fuckin' special
I wish I was special

But I'm a creep
I'm a weirdo
What the hell am I doin' here?
I don't belong here
I don't belong here",,https://genius.com/Radiohead-creep-lyrics,,,melancholic,Spotify: 429 Client Error: Too Many Requests for url: https://api.spotify.com/v1/search?q=track%3ACreep+artist%3ARadiohead&type=track&limit=5,genius,3HfB5hBU0dmBt8T0iCmH42,Creep,Radiohead,Pablo Honey [Collector's Edition],0.126,0.344,91.834,0.532,0.00563,0.000473,0.035,0.115,7.0,1.0,kaggle
Vivir Mi Vida,Marc Anthony,"Voy a reír, voy a bailar
Vivir mi vida, la-la-la-la
Voy a reír, voy a gozar
Vivir mi vida, la-la-la-la

Voy a reír (¡Eso!), voy a bailar
Vivir mi vida, la-la-la-la
Voy a reír, voy a gozar
Vivir mi vida, la-la-la-la

A veces llega la lluvia
Para limpiar las heridas
A veces sólo una gota
Puede vencer la sequía

Y para qué llorar, ¿pa' qué?
Si duele una pena, se olvida
Y para qué sufrir, ¿pa' qué?
Si así es la vida, hay que vivirla, la-la-le

Voy a reír, voy a bailar
Vivir mi vida, la-la-la-la
Voy a reír, voy a gozar
Vivir mi vida, la-la-la-la

¡Eso!

Voy a vivir el momento
Para entender el destino
Voy a escuchar en silencio
Para encontrar el camino

Y para qué llorar, ¿pa' qué?
Si duele una pena, se olvida
Y para qué sufrir, ¿pa' qué?
Si duele una pena, se olvida, la-la-le

Voy a reír (¡Toma!), voy a bailar
Vivir mi vida, la-la-la-la
Voy a reír, voy a gozar
Vivir mi vida, la-la-la-la

¡Mi gente!
¡Toma!

Voy a reír, voy a bailar
¿Pa' qué llorar? ¿Pa' qué sufrir?
Empieza a soñar, a reír
Voy a reír, voy a bailar (¡Toma!)
Siente y baila y goza
Que la vida es una sola
Voy a reír, voy a bailar
Vive, sigue
Siempre pa'lante, no mires pa'trás

¡Eso!
¡Mi gente!
¡La vida es una! Jaja
¡Toma!

Voy a reír, voy a bailar
Vivir mi vida, la-la-la-la
Voy a reír, voy a gozar
Vivir mi vida, la-la-la-la",,https://genius.com/Marc-anthony-vivir-mi-vida-lyrics,,,energetic,Spotify: 429 Client Error: Too Many Requests for url: https://api.spotify.com/v1/search?q=track%3AVivir+Mi+Vida+artist%3AMarc+Anthony&type=track&limit=5,genius,3QHMxEOAGD51PDlbFPHLyJ,Vivir Mi Vida,Marc Anthony,3.0,0.893,0.877,105.017,0.655,0.344,0.0,0.0344,0.349,0.0,0.0,kaggle
Californication,Red Hot Chili Peppers,"Psychic spies from China try to steal your mind's elation
And little girls from Sweden dream of silver-screen quotation
And if you want these kind of dreams, it's Californication

It's the edge of the world and all of Western civilization
The sun may rise in the East, at least it settled in a final location
It's understood that Hollywood sells Californication

Pay your surgeon very well to break the spell of aging
Celebrity skin, is this your chin, or is that war you're waging?
Firstborn unicorn
Hardcore soft porn

Dream of Californication
Dream of Californication
Dream of Californication
Dream of Californication

Marry me, girl, be my fairy to the world, be my very own constellation
A teenage bride with a baby inside getting high on information
And buy me a star on the boulevard, it's Californication

Space may be the final frontier, but it's made in a Hollywood basement
And Cobain, can you hear the spheres singing songs off 
Station to Station
?
And Alderaan's not far away, it's Californication

Born and raised by those who praise control of population
Well, everybody's been there, and I don't mean on vacation
Firstborn unicorn
Hardcore soft porn

Dream of Californication
Dream of Californication
Dream of Californication
Dream of Californication


Destruction leads to a very rough road, but it also breeds creation
And earthquakes are to a girl's guitar, they're just another good vibration
And tidal waves couldn't save the world from Californication

Pay your surgeon very well to break the spell of aging
Sicker than the rest, there is no test, but this is what you're craving
Firstborn unicorn
Hardcore soft porn

Dream of Californication
Dream of Californication
Dream of Californication
Dream of Californication",,https://genius.com/Red-hot-chili-peppers-californication-lyrics,,,aggressive,Spotify: 429 Client Error: Too Many Requests for url: https://api.spotify.com/v1/search?q=track%3ACalifornication+artist%3ARed+Hot+Chili+Peppers&type=track&limit=5,genius,48UPSzbZjgc449aqz8bxox,Californication,Red Hot Chili Peppers,Californication (Deluxe Edition),0.328,0.767,96.483,0.592,0.0021,0.00165,0.027,0.127,9.0,0.0,kaggle
Propuesta Indecente,Romeo Santos,"Hola, me llaman Romeo
Es un placer conocerla

Qué bien te ves
Te adelanto, no me importa quién sea él
Dígame usted
Si ha hecho algo travieso alguna vez

Una aventura es más divertida si huele a peligro

Si te invito a una copa y me acerco a tu boca
Si te robo un besito, a ver, ¿te enojas conmigo?
¿Qué dirías si esta noche te seduzco en mi coche?
Que se empañen los vidrios y la regla es que goces
Si te falto el respeto y luego culpo al alcohol
Si levanto tu falda, ¿me darías el derecho a medir tu sensatez?
Poner en juego tu cuerpo
¿Sí te parece prudente esta propuesta indecente?

A ver, a ver
Permíteme apreciar tu desnudez (Take it off)
Relájate
Que este martini calmará tu timidez (Don't be shy)

Y una aventura es más divertida si huele a peligro
Si te invito a una copa y me acerco a tu boca
Si te robo un besito, a ver, ¿te enojas conmigo?
¿Qué dirías si esta noche te seduzco en mi coche?
Que se empañen los vidrios y la regla es que goces
Si te falto el respeto y luego culpo al alcohol
Si levanto tu falda, ¿me darías el derecho a medir tu sensatez?
Poner en juego tu cuerpo
¿Sí te parece prudente esta propuesta indecente?

I'm back (Back, back)
It feels good to be king
Gostoso
Hey, listen, I know what you like

How 'bout if you and I, me and you, bailamos bachata?
¿Y luego you and I, me and you, terminamo' en la cama? (Qué rico)
How 'bout if you and I, me and you, bailamos bachata? (Ay, bailamos bachata)
¿Y luego you and I, me and you, terminamo' en la cama? (Terminamos en la cama)
How 'bout if you and I (You and I)
Me and you (Me and you)
You and I (You and I)
Me and you (You)
You and I (You and I)
Me and you (I'm a bad boy)
Me and you, you

Ay, chichí
Llora, guitarra, llora",,https://genius.com/Romeo-santos-propuesta-indecente-lyrics,,,uplifting,Spotify: 429 Client Error: Too Many Requests for url: https://api.spotify.com/v1/search?q=track%3APropuesta+Indecente+artist%3ARomeo+Santos&type=track&limit=5,genius,5PycBIeabfvX3n9ILG7Vrv,Propuesta Indecente,Romeo Santos,"Fórmula, Vol. 2 (Deluxe Edition)",0.742,0.632,122.936,0.757,0.499,0.0,0.0549,0.0723,2.0,1.0,kaggle
Mi Gente,J Balvin,"Si el ritmo te lleva a mover la cabeza
Ya empezamos como es
Mi música no discrimina a nadie
Así que vamos a romper
Toda mi gente se mueve
Mira el ritmo cómo los tiene
Hago música que entretiene
El mundo nos quiere, nos quiere
Me quiere a mí
Toda mi gente se mueve
Mira el ritmo cómo los tiene
Hago música que entretiene
Mi música los tiene fuerte bailando
Y se baila así


Tamo' rompiendo la discoteca
La fiesta no para, apenas comienza
C'est comme-ci, c'est comme ça
Ma chèrie, la-la-la-la-la
Francia, Colombia
Me gusta (Freeze)
J Balvin, Willy William
Le gusta (Freeze)
Los DJs no mienten, le gusta a mi gente
Y eso se fue mundial (Freeze)
No le bajamos, más nunca paramos
Es otro palo y ¡blam!

¿Y dónde está mi gente?
Mais fais bouger la tête
¿Y dónde está mi gente?
Say yeah, yeah, yeah
Un, dos, tres, ¡leggo!
(Ay, di que sí)


Esquina a esquina, de ahí no' vamo'
El mundo es grande, pero lo tengo en mi' manos
Estoy muy duro, sí, ok, ahí vamos
Y con el tiempo nos seguimos elevando
Que seguimos rompiendo aquí
Esta fiesta no tiene fin
Botellas para arriba, sí
Los tengo bailando, rompiendo y yo sigo aquí
Que seguimos rompiendo aquí
Esta fiesta no tiene fin
Botellas para arriba, sí
Los tengo bailando, rompiendo

¿Y dónde está mi gente?
Mais fais bouger la tête
¿Y dónde está mi gente?
Say yeah, yeah, yeah
Un, dos, tres, ¡leggo!
(Ay di que sí)


Worldwide
Willy William
J Balvin, man
Uh-huh
Uh-huh
Uh-huh
Uh-huh",,https://genius.com/J-balvin-and-willy-william-mi-gente-lyrics,,,aggressive,Spotify: 429 Client Error: Too Many Requests for url: https://api.spotify.com/v1/search?q=track%3AMi+Gente+artist%3AJ+Balvin&type=track&limit=5,genius,4ipnJyDU3Lq15qBAYNqlqK,Mi Gente,J Balvin,Mi Gente,0.308,0.687,104.959,0.774,0.0179,1.17e-05,0.0584,0.128,11.0,0.0,kaggle
On the Low,Burna Boy,"It's Kel P vibes
Yeah, yeah
Kpokpotikpo kpo kpo kpo
Baby your love dey high me like choko
Kpokpotikpo kpo kpo kpo
Baby your love dey high me like choko, yeah
Kpokpotikpo kpo kpo kpo
Baby your love dey high me like choko (Baby, I’m riding)
Kpokpotikpo kpo kpo kpo (Fighting, yeah)

Angeli, Angelina, you dey cool my temperature
If you call, I go come deliver
I no go fall e your hand, never
Say na me you go love forever
Omo, khaki no fit be leather
Oh my Angeli, Angelina
Oh my Angeli, Angelina

Oh mi o da oh
Anytime wey I see you for the club, I dey television your body
Shey you no know say the thing wey you carry fit kill somebody
You know I feel a vibe, you feel a vibe, so baby whine it 'pon me (ye!)
And I know you shy, but it's cool when we’re making love

On the low
On the low
On the low
On the low
On the low
On the low (Baby, I'm riding)
On the low (Fighting, yeah)
On the low

Angeli, Angelina, you dey cool my temperature
If you call, I go come deliver
I no go fall e your hand, never
Say na me you go love forever
Omo, khaki no fit be leather
Oh my Angeli, Angelina
Oh my Angeli, Angelina

Oh no
Shey when I wan dey comot, make I signal you
Why you want to dey question me like an interview
I'm tryna put the ring on your finger too
And be a better guy guy
Be a better guy guy

On the low
On the low
On the low
On the low
On the low
On the low (Baby, I'm riding)
On the low (Fighting, yeah)
On the low

Angeli, Angelina, (Ah, baby) you dey cool my temperature (Ah, baby)
If you call, I go come deliver (Oh, baby)
I no go fall e your hand, never (Ah, baby)
Say na me you go love forever (Ah, baby)
Omo, khaki no fit be leather (Ah, baby)
Oh my Angeli, Angelina (Ah, baby)
Oh my Angeli, Angelina (Ah, baby)
Jesu!",,https://genius.com/Burna-boy-on-the-low-lyrics,,,uplifting,Spotify: 429 Client Error: Too Many Requests for url: https://api.spotify.com/v1/search?q=track%3AOn+the+Low+artist%3ABurna+Boy&type=track&limit=5,genius,1PoJXULCvl03b1fiZmMxmd,On The Low,Burna Boy,African Giant,0.937,0.781,99.95,0.816,0.692,0.00935,0.0425,0.0835,1.0,0.0,kaggle
Set Fire to the Rain,Adele,"I let it fall, my heart
And as it fell, you rose to claim it
It was dark, and I was over
Until you kissed my lips and you saved me
My hands, they were strong
But my knees were far too weak
To stand in your arms
Without falling to your feet

But there's a side to you
That I never knew, never knew
All the things you'd say
They were never true, never true
And the games you'd play
You would always win, always win

But I set fire to the rain
Watched it pour as I touched your face
Well, it burned while I cried
'Cause I heard it screamin' out your name
Your name

When I lay with you
I could stay there, close my eyes
Feel you here forever
You and me together, nothing is better

'Cause there's a side to you
That I never knew, never knew
All the things you'd say
They were never true, never true
And the games you'd play
You would always win, always win

But I set fire to the rain
Watched it pour as I touched your face
Well, it burned while I cried
'Cause I heard it screamin' out your name
Your name
I set fire to the rain
And I threw us into the flames
When we fell, somethin' died
'Cause I knew that that was the last time
The last time

Sometimes, I wake up by the door
That heart you caught must be waitin' for you
Even now, when we're already over
I can't help myself from lookin' for you

I set fire to the rain
Watched it pour as I touched your face
Well, it burned while I cried
'Cause I heard it screamin' out your name
Your name
I set fire to the rain
And I threw us into the flames
When we fell, somethin' died
'Cause I knew that that was the last time
The last time

Oh
Oh, no
Let it burn
Oh
Let it burn
Let it burn",,https://genius.com/Adele-set-fire-to-the-rain-lyrics,,,aggressive,Spotify: 429 Client Error: Too Many Requests for url: https://api.spotify.com/v1/search?q=track%3ASet+Fire+to+the+Rain+artist%3AAdele&type=track&limit=5,genius,5PKWUDfQFtc5qqo8cs1gQp,Set Fire to the Rain,Adele,21,0.445,0.67,107.995,0.603,0.00408,1.66e-06,0.0249,0.112,2.0,0.0,kaggle
Get Lucky,Daft Punk,"Like the legend of the phoenix, huh
All ends with beginnings
What keeps the planet spinnin', ah-ah
The force from the beginnin'
Huh, look

We've come too far
To give up who we are
So let's raise the bar
And our cups to the stars

She's up all night to the sun
I'm up all night to get some
She's up all night for good fun
I'm up all night to get lucky
We're up all night to the sun
We're up all night to get some
We're up all night for good fun
We're up all night to get lucky
We're up all night to get lucky
We're up all night to get lucky
We're up all night to get lucky
We're up all night to get lucky

The present has no ribbon
Your gift keeps on giving
What is this I'm feelin'?
If you wanna leave, I'm with it, ah-ah

We've come too far
To give up who we are
So let's raise the bar
And our cups to the stars

She's up all night to the sun
I'm up all night to get some
She's up all night for good fun
I'm up all night to get lucky
We're up all night to the sun
We're up all night to get some
We're up all night for good fun
We're up all night to get lucky
We're up all night to get lucky
We're up all night to get lucky
We're up all night to get lucky
We're up all night to get lucky

She's up all night to the sun
I'm up all night to get some
She's up all night for good fun
I'm up all night to get lucky
We're up all night to the sun
We're up all night to get some
We're up all night for good fun
We're up all night to get lucky
We're up all night to get lucky
We're up all night to get lucky
We're up all night to get lucky
We're up all night to get lucky

She's up all night to the sun
I'm up all night to get some
She's up all night for good fun
I'm up all night to get lucky
We're up all night to the sun
We're up all night to get some
We're up all night for good fun
We're up all night to get lucky
We're up all night to get lucky
We're up all night to get lucky
We're up all night to get lucky
We're up all night to get lucky

We're up all night to get
We're up all night to get
We're up all night to get
We're up all night to get
We're up all night to get
We're up all night to get
We're up all night to get
We're up all night to get
We're up all night to get back together
We're up all night to get (Let's get funked again)
We're up all night to get (Funky)
We're up all night to get lucky
We're up all night to get lucky
We're up all night to get lucky
We're up all night to get lucky
We're up all night to get lucky
We're up all night to get lucky
We're up all night to get lucky
We're up all night to get lucky
We're up all night to get lucky

We've come too far
To give up who we are
So let's raise the bar
And our cups to the stars

She's up all night to the sun
I'm up all night to get some
She's up all night for good fun
I'm up all night to get lucky
We're up all night to the sun
We're up all night to get some
We're up all night for good fun
We're up all night to get lucky
We're up all night to get lucky
We're up all night to get lucky
We're up all night to get lucky
We're up all night to get lucky

We're up all night to get lucky
We're up all night to get lucky
We're up all night to get lucky
We're up all night to get lucky
We're up all night to get lucky
We're up all night to get lucky
We're up all night to get lucky
We're up all night to get lucky
We're up all night to get lucky
We're up all night to get lucky
We're up all night to get lucky
We're up all night to get lucky",,https://genius.com/Daft-punk-get-lucky-lyrics,,,uplifting,Spotify: 429 Client Error: Too Many Requests for url: https://api.spotify.com/v1/search?q=track%3AGet+Lucky+artist%3ADaft+Punk&type=track&limit=5,genius,69kOkLUCkxIZYexIgSG8rq,Get Lucky,Daft Punk,Random Access Memories,0.863,0.793,116.049,0.81,0.0378,1.82e-06,0.0403,0.072,6.0,0.0,kaggle
The Nights,Avicii,"(Hey)

Once upon a younger year
When all our shadows disappeared
The animals inside came out to play
(Hey) Went face to face with all our fears
Learned our lessons through the tears
Made memories we knew would never fade

One day my father he told me
""Son, don't let it slip away""
He took me in his arms, I heard him say (Hey)
""When you get older
Your wild heart will live for younger days
Think of me if ever you're afraid""

He said, ""One day you'll leave this world behind
So live a life you will remember""
My father told me when I was just a child
""These are the nights that never die""
My father told me

(Hey, hey)
(Hey, hey)
(Hey, hey)

(Hey, hey)
(Hey, hey)
(Hey, hey)
(Hey, hey)

When thunderclouds start pouring down
Light a fire they can't put out
Carve your name into those shining stars
He said, ""Go venture far beyond the shores
Don't forsake this life of yours
I'll guide you home no matter where you are""

One day my father, he told me
""Son, don't let it slip away""
When I was just a kid, I heard him say
""When you get older
Your wild heart will live for younger days
Think of me if ever you're afraid""

He said, ""One day you'll leave this world behind
So live a life you will remember""
My father told me when I was just a child
""These are the nights that never die""
My father told me

(Hey, hey)
(Hey, hey)
(Hey, hey)
""These are the nights that never die""
My father told me

(Hey, hey)
(Hey, hey)
(Ooh-woah, oh-oh-oh-oh-oh-oh, oh-oh)
(Hey, hey)
(Hey)
(Hey, hey)
(Hey, hey)
(Ooh-woah, oh-oh-oh-oh-oh-oh, oh-oh)
(Hey, hey)

My father told me",,https://genius.com/Avicii-the-nights-lyrics,,,energetic,Spotify: 429 Client Error: Too Many Requests for url: https://api.spotify.com/v1/search?q=track%3AThe+Nights+artist%3AAvicii&type=track&limit=5,genius,0ct6r3EGTcMLPtrXHDvVjc,The Nights,Avicii,The Days / Nights,0.654,0.835,125.983,0.527,0.0166,0.0,0.0433,0.249,6.0,1.0,kaggle
Harder Better Faster Stronger,Daft Punk,"Work it, make it
Do it, makes us
Harder, better
Faster, stronger
More than, hour
Hour, never
Ever, after
Work is, over
Work it, make it
Do it, makes us
Harder, better
Faster, stronger

Work it harder, make it better
Do it faster, makes us stronger
More than ever, hour after hour
Work is never over
Work it harder, make it better
Do it faster, makes us stronger
More than ever, hour after hour
Work is never over
Work it harder, make it better
Do it faster, makes us stronger
More than ever, hour after hour
Work is never over
Work it harder, make it better
Do it faster, makes us stronger
More than ever, hour after hour
Work is never over
Work it harder, make it better
Do it faster, makes us stronger
More than ever, hour after hour
Work is never over
Work it harder, make it better
Do it faster, makes us
More than ever, hour after hour
Work is never over
Work it harder, make it better
Do it faster, makes us stronger
More than ever, hour after hour
Work is never over

Work it harder, make it
Do it faster, makes us
More than ever, hour after hour
Work is never over
Work it harder, make it better
Do it faster, makes us stronger
More than ever, hour after hour
Work is never over
Work it, make it better
Do it faster, makes us stronger
More than ever, hour after hour
Work is never over
Work it harder, make it better
Do it faster, makes us stronger
More than ever, hour after hour
Work is never over
Work it harder, make it better
Do it faster, makes us stronger
More than ever, hour after hour
Work is never over

Work it harder
Do it faster
More than ever, hour
Work is never over
Work it harder, make it better
Do it faster, makes us stronger
More than ever, hour after hour
Work is never over",,https://genius.com/Daft-punk-harder-better-faster-stronger-lyrics,,,uplifting,Spotify: 429 Client Error: Too Many Requests for url: https://api.spotify.com/v1/search?q=track%3AHarder+Better+Faster+Stronger+artist%3ADaft+Punk&type=track&limit=5,genius,5W3cjX2J3tjhG8zb6u0qHn,"Harder, Better, Faster, Stronger",Daft Punk,Discovery,0.692,0.716,123.475,0.817,0.0427,0.00263,0.144,0.358,6.0,0.0,kaggle
EARFQUAKE,"Tyler, The Creator","For real, for real this time
For real, for real, for real this time
Bitch, I cannot fall short
For real, for real, for real this time (Uh, yeah)
For real, for real, for real this time

'Cause you make my earth quake
Oh, you make my earth quake
Riding around, your love be shakin’ me up
And it's making my heart break
'Cause you make my earth quake (Earthquake, ooh)
Oh, you make my earth quake
Riding around, your love be shakin’ me up
And it's making my heart break

Don't leave, it's my fault
Don't leave, it's my fault
Don't leave, it's my fault (Girl)
’Cause when it all comes crashing down, I’ll need you

'Cause you make my earth quake
Oh, you make my earth quake
Riding around, you’re telling me something is bad
And it's making my heart break
'Cause you make my earth quake
Oh, you make my earth quake (
Earthquake, yeah
)
Riding around, your love be shakin' me up
And it’s making my heart break (
You already know
)

We ain't gotta ball, D-Rose, huh
I don't give a fuck 'bout nothin', huh
Breathin' like fuck my lungs, huh
Just might call my lawyer, huh
Plug gon' set me up, huh (Yeah)
Bitch, don't set me up (Okay)
I'm with Tyler, yeah (Slime)
He ride like the car, huh
And she wicked, huh, yeah
Like Woah Vicky, huh, yeah (Like Woah Vicky)
Oh my God, hold up, um
These diamonds not Tiffany, huh, yeah (Woah, woah)
So in love (I been so in love)
So in love (I been so in love)

Don't leave, it's my fault (Fault)
Don't leave, it's my fault
Don't leave, it's my fault (Igor, ayy)
'Cause when it all comes crashing down, I'll need you (Ayy, ayy)
[Bridge: Tyler, The Creator & 
Charlie Wilson
]
'Cause you make my earth quake
I don't want no confrontation, no
And you don't want my conversation (
I don't want no conversation
)
I just need some confirmation on how you feel, for real (
For real
)
You don't want no complication, no
I don't want no side information (I don't want no side information)
I just need to know what's happening 'cause I'm for real (For real)

I said don't leave, it's my fault (One)
I said don't leave, it's my fault (Two, two)
Don't leave, it's, it's my fault, girl (Three, three, three)
Don't, do-do-do-do-do, I'll need—",,https://genius.com/Tyler-the-creator-earfquake-lyrics,,,melancholic,Spotify: 429 Client Error: Too Many Requests for url: https://api.spotify.com/v1/search?q=track%3AEARFQUAKE+artist%3ATyler%2C+The+Creator&type=track&limit=5,genius,5hVghJ4KaYES3BFUATCYn0,EARFQUAKE,"Tyler, The Creator",IGOR,0.413,0.498,79.635,0.554,0.23,5.98e-06,0.0685,0.795,9.0,1.0,kaggle
Conga,Miami Sound Machine,"Come on, shake your body, baby, do the Conga
I know you can't control yourself any longer
Come on, shake your body, baby, do the Conga
I know you can't control yourself any longer

Come on, shake your body, baby, do the Conga
I know you can't control yourself any longer
Feel the rhythm of the music getting stronger
Don't you fight it 'til you've tried it, do the Conga beat

Everybody, gather 'round now
Let your body feel the heat
Don't you worry if you can't dance
Let the music move your feet
It's the rhythm of the island
And like sugarcane so sweet
If you want to do the Conga
You've got to listen to the beat

Come on, shake your body, baby, do the Conga
I know you can't control yourself any longer
Feel the rhythm of the music getting stronger
Don't you fight it 'til you've tried it, do the Conga beat

Feel the fire of desire
As you dance the night away
'Cause tonight we're gonna party
'Til we see the break of day
Better get yourself together
And hold on to what you've got
Once the music hits your system
There's no way you're gonna stop


Come on, shake your body, baby, do the Conga
I know you can't control yourself any longer
Feel the rhythm of the music getting stronger
Don't you fight it 'til you've tried it, do the Conga beat


Come on, shake your body, baby, do the Conga
I know you can't control yourself any longer
Feel the rhythm of the music getting stronger
Don't you fight it 'til you've tried it, do the Conga
Come on, shake your body, baby, do the Conga
I know you can't control yourself any longer
Feel the rhythm of the music getting stronger
Don't you fight it 'til you've tried it, do the Conga beat

Come on, shake your body, baby, do the Conga",,https://genius.com/Miami-sound-machine-conga-lyrics,,,happy,Spotify: 429 Client Error: Too Many Requests for url: https://api.spotify.com/v1/search?q=track%3AConga+artist%3AMiami+Sound+Machine&type=track&limit=5,genius,3FdHgoJbH3DXNtGLh56pFu,Conga,Miami Sound Machine,Primitive Love,0.865,0.655,122.236,0.789,0.167,0.0409,0.0474,0.0311,2.0,1.0,kaggle
The Less I Know the Better,Tame Impala,"Someone said they left together
I ran out the door to get her
She was holding hands with Trevor
Not the greatest feeling ever
Said, ""Pull yourself together
You should try your luck with Heather""
Then I heard they slept together
Oh, the less I know the better
The less I know the better

Oh, my love, can't you see yourself by my side?
No surprise, leanin' on his shoulder like every night
Oh, my love, can't you see that you're on my mind?
Don't suppose you could convince your lover to change his mind
So goodbye

She said, ""It's not now or never
Wait ten years, we'll be together""
I said, ""Better late than never
Just don't make me wait forever""
Don't make me wait forever
Don't make me wait forever

Oh, my love, can't you see yourself by my side?
I don't suppose you could convince your lover to change his mind

I was doing fine without ya
'Til I saw your face, now I can't erase
Givin' in to all his bullshit
Is this what you want? Is this who you are?
I was doing fine without ya
'Til I saw your eyes turn away from mine
Oh, sweet darling, where he wants ya

So, come on, Superman, say your stupid line
So, come on, Superman, say your stupid line
So, come on, Superman, say your stupid line",,https://genius.com/Tame-impala-the-less-i-know-the-better-lyrics,,,uplifting,Spotify: 429 Client Error: Too Many Requests for url: https://api.spotify.com/v1/search?q=track%3AThe+Less+I+Know+the+Better+artist%3ATame+Impala&type=track&limit=5,genius,4g3Ax56IslQkI6XVfYKVc5,The Less I Know The Better,Tame Impala,Currents,0.744,0.755,116.883,0.64,0.0138,0.0208,0.0287,0.12,1.0,0.0,kaggle
Uptown Funk,Mark Ronson,"Doh
Doh-doh-doh, doh-doh-doh, doh-doh
Doh-doh-doh, doh-doh-doh, doh-doh
Doh-doh-doh, doh-doh-doh, doh-doh
Doh-doh-doh, doh-doh (Aw, ow)

This hit, that ice cold
Michelle Pfeiffer, that white gold
This one for them hood girls
Them good girls, straight masterpieces
Stylin', wilin', livin' it up in the city
Got Chucks on with Saint Laurent
Gotta kiss myself, I'm so pretty

I'm too hot (Hot damn)
(
Doh
)
Uh, call the police and the fireman
(
Doh-doh-doh, doh-doh-doh, doh-doh
)
I'm too hot (Hot damn)
(
Doh-doh-doh, doh-doh-doh, doh-doh
)
Make a dragon wanna retire, man
I'm too hot (Hot damn)
(Doh-doh-doh, doh-doh-doh, doh-doh)
Say my name, you know who I am
I'm too hot (Hot damn)
(Doh-doh-doh, doh-doh, doh, doh)
And my band 'bout that money, break it down

Girls hit your hallelujah (Woo)
Girls hit your hallelujah (Woo)
Girls hit your hallelujah (Woo)
'Cause uptown funk gon' give it to you (Woo)
('Cause uptown funk gon' give it to you)
'Cause uptown funk gon' give it to you
Saturday night and we in the spot
Don't believe me, just watch, come on

Doh
Doh-doh-doh, doh-doh-doh, doh-doh
 (
Ya
)
(
Doh-doh-doh, doh-doh-doh, doh-doh
)
Don't believe me, just watch, uh
Doh-doh-doh, doh-doh-doh, doh-doh
 (
Ya
)
(
Doh-doh-doh, doh-doh—
)
Don't believe me, just watch, uh
Don't believe me, just watch, uh
Don't believe me, just watch
Don't believe me, just watch
Hey, hey, hey, oh

Stop, wait a minute
Fill my cup, put some liquor in it
Take a sip, sign the check
Julio, get the stretch
Ride to Harlem, Hollywood, Jackson, Mississippi
If we show up, we gon' show out
Smoother than a fresh jar of Skippy

I'm too hot (Hot damn)
(
Doh
)
Call the police and the fireman
(
Doh-doh-doh, doh-doh-doh, doh-doh
)
I'm too hot (Hot damn)
(
Doh-doh-doh, doh-doh-doh, doh-doh
)
Make a dragon wanna retire, man
I'm too hot (Too hot, hot damn, hot damn)
(Doh-doh-doh, doh-doh-doh, doh-doh)
Bitch, say my name, you know who I am
I'm too hot (Hot damn)
(Doh-doh-doh, doh-doh, doh, doh)
Uh, and my band 'bout that money, break it down

Girls hit your hallelujah (Woo)
Girls hit your hallelujah (Woo)
Girls hit your hallelujah (Woo)
'Cause uptown funk gon' give it to you (Woo)
('Cause uptown funk gon' give it to you)
'Cause uptown funk gon' give it to you
Saturday night and we in the spot
Don't believe me, just watch, come on

Doh
Doh-doh-doh, doh-doh-doh, doh-doh
 (
Ya
)
(
Doh-doh-doh, doh-doh-doh, doh-doh
)
Don't believe me, just watch, uh
Doh-doh-doh, doh-doh-doh, doh-doh
 (
Ya
)
(
Doh-doh-doh, doh-doh—
)
Don't believe me, just watch, uh
Don't believe me, just watch, uh
Don't believe me, just watch
Don't believe me, just watch
Hey, hey, hey, oh

(Doh)
(Doh-doh-doh, doh-doh-doh, doh-doh)
Before we leave
(
Doh-doh-doh, doh-doh-doh, doh-doh
)
Lemme tell y'all a lil' something
Uptown funk you up, uptown funk you up
(
Doh-doh-doh, doh-doh-doh, doh-doh
)
Uptown funk you up, uptown funk you up, uh
(
Doh-doh-doh, doh-doh-doh, doh-doh
)
I said, uptown funk you up, uptown funk you up, uh
(
Doh-doh-doh, doh-doh-doh, doh-doh
)
Uptown funk you up, uptown funk you up, come on
(
Doh-doh-doh, doh-doh, doh, doh
)
Dance, jump on it
(
Doh-doh-doh, doh-doh-doh, doh-doh
)
If you sexy, then flaunt it
If you freaky, then own it
(
Doh-doh-doh, doh-doh-doh, doh-doh
)
Don't brag about it, come show me, come on
Dance, jump on it
(
Doh-doh-doh, doh-doh-doh, doh-doh
)
If you sexy, then flaunt it
Well, it's Saturday night and we in the spot
Don't believe me, just watch, come on

Doh
Doh-doh-doh, doh-doh-doh, doh-doh
 (
Ya
)
(
Doh-doh-doh, doh-doh-doh, doh-doh
)
Don't believe me, just watch, uh
Doh-doh-doh, doh-doh-doh, doh-doh
 (
Ya
)
(
Doh-doh-doh, doh-doh—
)
Don't believe me, just watch, uh
Don't believe me, just watch, uh
Don't believe me, just watch
Don't believe me, just watch
Hey, hey, hey, oh

Uptown funk you up (Woo, come on)
(
Doh
)
Uptown funk you up (Hey, say what?)
(
Doh-doh-doh, doh-doh-doh, doh-doh
)
Uptown funk you up (Hey)
(
Doh-doh-doh, doh
)
Uptown funk you up (Come on)
(
Doh
)
Uptown funk you up (Woo, come on)
(
Doh-doh-doh, doh-doh-doh, doh-doh
)
Uptown funk you up (Hey, say what?)
Uptown funk you up (Hey)
Uptown funk you up (Come on)
(
Doh
)
Uptown funk you up (Woo, come on)
(
Doh-doh-doh, doh-doh-doh, doh-doh
)
Uptown funk you up (Hey, say what?)
Uptown funk you up (Hey)
(
Doh-doh-doh, doh
)
Uptown funk you up (Come on)
(
Doh
)
Uptown funk you up (Ah)
(
Doh-doh-doh, doh-doh-doh, doh-doh
)
Uptown funk you up (Say what?)
Uptown funk you up
Aw, ow",,https://genius.com/Mark-ronson-uptown-funk-lyrics,,,happy,Spotify: 429 Client Error: Too Many Requests for url: https://api.spotify.com/v1/search?q=track%3AUptown+Funk+artist%3AMark+Ronson&type=track&limit=5,genius,32OlwWuMpZ6b0aN2RZOeMS,Uptown Funk,Mark Ronson,Uptown Special,0.928,0.609,114.988,0.856,0.00801,8.15e-05,0.0824,0.0344,0.0,1.0,kaggle
Wake Me Up,Avicii,"Feelin' my way through the darkness
Guided by a beatin' heart
I can't tell where the journey will end
But I know where to start
They tell me I'm too young to understand
They say I'm caught up in a dream
Well, life will pass me by if I don't open up my eyes
Well, that's fine by me

So wake me up when it's all over
When I'm wiser and I'm older
All this time, I was findin' myself and I
Didn't know﻿ I was lost
So wake me up when it's all over
When I'm wiser and I'm older
All this time, I was findin' myself and I
Didn't know﻿ I was lost



I tried carryin' the weight of the world
But I only have two hands
Hope I get the chance to travel the world
But I don't have any plans
Wish that I could stay forever this young
Not afraid to close my eyes
Life's a game﻿ made for everyone
And love is the prize

So wake me up when it's all over
When I'm wiser and I'm older
All this time, I was findin' myself and I
Didn't know﻿ I was lost
So wake me up when it's all over
When I'm wiser and I'm older
All this time, I was findin' myself and I
I didn't know I was lost

I didn't know I was lost
I didn't know I was lost
I didn't know I was lost
I didn't know, I didn't know, I didn't know",,https://genius.com/Avicii-wake-me-up-lyrics,,,energetic,Spotify: 429 Client Error: Too Many Requests for url: https://api.spotify.com/v1/search?q=track%3AWake+Me+Up+artist%3AAvicii&type=track&limit=5,genius,4h8VwCb1MTGoLKueQ1WgbD,Wake Me Up,Avicii,True,0.643,0.783,124.08,0.532,0.0038,0.0012,0.0523,0.161,2.0,1.0,kaggle
Holocene,Bon Iver,"""Someway, baby, it's part of me, apart from me""
You're laying waste to Halloween
You fucked it, friend, it's on its head, it struck the street
You're in Milwaukee, off your feet

And at once, I knew
I was not magnificent

Strayed above the highway aisle
Jagged vacance, thick with ice
I could see for miles, miles, miles

Third and Lake, it burnt away, the hallway
Was where we learned to celebrate
Automatic bought the years you'd talk for me
That night you played me ""Lip Parade""
Not the needle, nor the thread, the lost decree
Saying nothing, that's enough for me

And at once, I knew
I was not magnificent

Hulled far from the highway aisle
Jagged vacance, thick with ice
I could see for miles, miles, miles

Christmas night, it clutched the light, the hallow bright
Above my brother, I, and tangled spines
We smoked the screen to make it what it was to be
Now, to know it in my memory

And at once, I knew
I was not magnificent

High above the highway aisle
Jagged vacance, thick with ice
I could see for miles, miles, miles",,https://genius.com/Bon-iver-holocene-lyrics,,,melancholic,Spotify: 429 Client Error: Too Many Requests for url: https://api.spotify.com/v1/search?q=track%3AHolocene+artist%3ABon+Iver&type=track&limit=5,genius,4fbvXwMTXPWaFyaMWUm9CR,Holocene,Bon Iver,Bon Iver,0.147,0.304,147.989,0.375,0.943,0.303,0.0302,0.126,1.0,1.0,kaggle
Motion Sickness,Phoebe Bridgers,"I hate you for what you did
And I miss you like a little kid
I faked it every time, but that's alright
I can hardly feel anything
I hardly feel anything at all
You gave me fifteen hundred
To see your hypnotherapist
I only went one time, you let it slide
Fell on hard times a year ago
Was hopin' you would let it go and you did

I have emotional motion sickness
Somebody roll the windows down
There are no words in the English language
I could scream to drown you out

I'm on the outside looking through
You're throwing rocks around your room
And while you're bleeding on your back in the glass
I'll be glad that I made it out
And sorry that it all went down like it did

I have emotional motion sickness
Somebody roll the windows down
There are no words in the English language
I could scream to drown you out
Hey, why do you sing with an English accent?
I guess it's too late to change it now
You know I'm never gonna let you have it
But I will try to drown you out

You said when you met me, you were bored
You said when you met me, you were bored
And you, you were in a band when I was born

I have emotional motion sickness
I try to stay clean and live without
And I wanna know what would happen
If I surrender to the sound
Surrender to the sound",,https://genius.com/Phoebe-bridgers-motion-sickness-lyrics,,,happy,Spotify: 429 Client Error: Too Many Requests for url: https://api.spotify.com/v1/search?q=track%3AMotion+Sickness+artist%3APhoebe+Bridgers&type=track&limit=5,genius,6LxcPUqx6noURdA5qc4BAT,Motion Sickness,Phoebe Bridgers,Stranger in the Alps,0.626,0.545,107.019,0.652,0.774,0.0428,0.0358,0.0847,1.0,1.0,kaggle
Ride,Twenty One Pilots,"I just wanna stay in the sun where I find
I know it's hard sometimes
Pieces of peace in the sun's peace of mind
I know it's hard sometimes
Yeah, I think about the end just way too much
But it's fun to fantasize
On my enemies I wouldn't wish who I was
But it's fun to fantasize

Oh-woah-woah, oh-woah-woah, I'm fallin'
So I'm takin' my time on my ride, oh-woah-woah, I'm fallin'
So I'm takin' my time on my ride
Takin' my time on my ride

""I'd die for you,"" that's easy to say
We have a list of people that we would take
A bullet for them, a bullet for you
A bullet for everybody in this room
But it don't seem to see many bullets comin' through
See many bullets comin' through
Metaphorically, I'm the man
But literally, I don't know what I'd do
""I'd live for you,"" and that's hard to do
Even harder to say when you know it's not true
Even harder to write when you know that tonight
There were people back home who tried talking to you
But then you ignored them still
All these questions, they're for real
Like ""Who would you live for?"" ""Who would you die for?""
And ""Would you ever kill?""

Oh-woah-woah, oh-woah-woah, I'm fallin'
So I'm takin' my time on my ride, oh-woah-woah, I'm fallin'
So I'm takin' my time on my ride
Takin' my time on my ride

I've been thinkin' too much
I've been thinkin' too much
I've been thinkin' too much
I've been thinkin' too much
Help me
I've been thinkin' too much
I've been thinkin' too much
I've been thinkin' too much
Help me
I've been thinkin' too much
I've been thinkin' too much
I've been thinkin' too much

Oh-woah-woah, oh-woah-woah, I'm fallin'
So I'm takin' my time on my ride, oh-woah-woah, I'm fallin'
So I'm takin' my time
Takin' my time on my ride, woah-oh-oh (Woah, yeah)
Oh-woah-woah, oh-woah-woah, I'm fallin'
So I'm takin' my time on my ride, oh-woah-woah, I'm fallin'
So I'm takin' my time on my—

I've been thinkin' too much
Help me
I've been thinkin' too much
Help me
I've been thinkin' too much
I've been thinkin' too much
I've been thinkin' too much
Help me
I've been thinkin' too much
I've been thinkin' too much
I've been thinkin' too much
Help me",,https://genius.com/Twenty-one-pilots-ride-lyrics,,,energetic,Spotify: 429 Client Error: Too Many Requests for url: https://api.spotify.com/v1/search?q=track%3ARide+artist%3ATwenty+One+Pilots&type=track&limit=5,genius,2Z8WuEywRWYTKe1NybPQEW,Ride,Twenty One Pilots,Blurryface,0.566,0.713,74.989,0.645,0.00835,0.0,0.0393,0.113,6.0,1.0,kaggle
Shower,Becky G,"I don't know, it's just something about ya (Woo)
Got me feelin' like I can't be without ya (Woo)
Anytime someone mention your name (Woo)
I be feelin' as if I'm around ya (Woo)
Ain't no words to describe you, baby (Woo)
All I know is that you take me high (Woo)
Can you tell that you drive me crazy? (Woo)
'Cause I can't get you out my mind

Think of you when I'm going to bed
When I wake up, think of you again
You are my homie, lover and friend
Exactly why

You light me up inside
Like the Fourth of July
Whenever you're around
I always seem to smile
And people ask me how
Well, you're the reason why
I'm dancing in the mirror
And singing in the shower (Shower)

La-da-di, la-da-da, la-da-da
Singing in the shower (Shower)
La-da-di, la-da-da, la-da-da
Singing in the shower (Shower)

All I want, all I need is your lovin' (Woo)
Baby, you make me hot like an oven (Woo)
Since you came, you know what I discovered? (Woo)
Baby, I don't need me another (Woo)
No, no, all I know (No)
Only you got me feeling so (So)
And you know that I got to have ya (Woo)
And I don't plan to let you go

Think of you when I'm going to bed
When I wake up, think of you again
You are my homie, lover and friend
Exactly why

You light me up inside
Like the Fourth of July
Whenever you're around
I always seem to smile
And people ask me how
Well, you're the reason why
I'm dancing in the mirror
And singing in the shower (Shower)

La-da-di, la-da-da, la-da-da
Singing in the shower (Shower)
La-da-di, la-da-da, la-da-da (Yeah)
Singing in the shower (Shower)

Woah-oh
There ain't no guarantee
But I'll take chance on we
Baby, let's take our time
(Singing in the shower)
And when the times get rough
There ain't no givin' up
'Cause it just feels so right
(Singing in the shower)
Don't care what others say
If I got you, I'm straight
You bring my heart to life, yeah

You light me up inside
Like the Fourth of July
Whenever you're around
I always seem to smile
And people ask me how
Well, you're the reason why
I'm (I'm) dancing in the mirror
And singing in the shower (Shower)

La-da-di, la-da-da, la-da-da (Oh, hey)
Singing in the shower (Shower)
La-da-di, la-da-da, la-da-da
You got me singing in the shower (Shower)

La-da-di, la-da-da, la-da-da
Singing in the shower (Shower)
La-da-di, la-da-da, la-da-da",,https://genius.com/Becky-g-shower-lyrics,,,dark,Spotify: 429 Client Error: Too Many Requests for url: https://api.spotify.com/v1/search?q=track%3AShower+artist%3ABecky+G&type=track&limit=5,genius,3DmW6y7wTEYHJZlLo1r6XJ,Shower,Becky G,Shower,0.121,0.529,119.987,0.699,0.0317,3.59e-05,0.0487,0.285,2.0,1.0,kaggle
Se Preparó,Ozuna,"Se preparó
Se puso linda, a su amiga llamaba
Salió de rumba, nada le importó
Porque su novio a ella le engañaba como si nada
Ella se preparó
Se puso linda, a su amiga llamaba
Salió de rumba, nada le importó (No le importó, oh-oh)
Porque su novio a ella le engañaba como si nada (Jaja)

Sale, olvida la pena y el sufrimiento
El novio la hizo llorar, mató sus sentimiento'
Prometió palabra' que se fueron con el viento
Ahora ella le dice: ""Lo lamento, lo siento""

Hoy ella hace lo que quiera
Se monta en su nave a quemar la carretera
Le mete al baile con la música buena
Dale champán y se prende en candela, esa e' mi nena
Hoy ella hace lo que quiera
Se monta en su nave a quemar la carretera
Le mete al baile con la música buena
Dame la champán y se me prende en candela, esa e' mi nena

Se preparó
Se puso linda, a su amiga llamaba
Salió de rumba (-ba), nada le importó
Porque su novio a ella le engañaba como si nada
Ella se preparó
Se puso linda, a su amiga llamaba
Salió de rumba, nada le importó (No le importó, oh-oh)
Porque su novio a ella le engañaba como si nada

Ese bobo se perdió a esa mamacita tan chula
Yo la vi en el club, la imagino desnuda
Tiene dos amiga' que parecen de película
Que dondequiera que llegan hacen la' demá' lucir ridícula'
Un hermoso cuerpo
Yo te lo aseguro que como ella no hay dos
Él le falló y ella se rebeló
Con sus amiga' de rumba salió, se le dio

Hoy ella hace lo que quiera
Se monta en su nave a quemar la carretera
Le mete al baile con la música buena
Dale champán y se prende en candela, esa e' mi nena
Hoy ella hace lo que quiera
Se monta en su nave a quemar la carretera
Le mete al baile con la música buena
Dame la champán y se me prende en candela, esa e' mi nena

Se preparó
Se puso linda, a su amiga llamaba
Salió de rumba (-ba), nada le importó
Porque su novio a ella le engañaba como si nada
Ella se preparó
Se puso linda, a su amiga llamaba
Salió de rumba, nada le importó (No le importó, oh-oh)
Porque su novio a ella le engañaba como si nada

Uoh-oh, jaja
Baby
Ozuna
Chris Jedi
Odisea, the album, jaja
Gaby Music
Hi Music Hi Flow
(Hi Music Hi Flo-o-ow)
Maxium, jaja
Dímelo Vi",,https://genius.com/Ozuna-se-preparo-lyrics,,,energetic,Spotify: 429 Client Error: Too Many Requests for url: https://api.spotify.com/v1/search?q=track%3ASe+Prepar%C3%B3+artist%3AOzuna&type=track&limit=5,genius,1m69ELEgE6k5ZWsap40ozt,Se Preparó,Ozuna,Odisea,0.693,0.821,171.077,0.739,0.222,9.6e-06,0.0852,0.311,1.0,1.0,kaggle
Criminal,NATTI NATASHA,"Uoh-oh-oh (Jeje), yeah
El Negrito Ojos Claro'
Ozuna

Miento si te digo que en ti no ando pensando
Quisiera saber lo que estás haciendo
Te llamo, pero me sale ocupado, woh-oh (Woh-oh)
Tú me robaste el corazón como un criminal
(Bebé, yo no puedo negarlo)
Esto que siento por ti no puede ser legal, ah

Criminal, cri-criminal
Tu estilo, tu flow; baby, muy criminal
Criminal, uh, criminal, ah (Criminal, ah)
Criminal, cri-criminal
Tu estilo, tu flow; mami, muy criminal
Criminal, cri-criminal, ah (Criminal, ah)

Ya tú me mira' como que te pongo mal
De lejo', yo puedo observar lo que tu mente puede pensar
Tú me dice', que yo me dejo llevar
¿Será porque tiene' un flow demasia'o de cri-criminal, baby?

Similar no la he visto por ahí
Que solo la mire de lejito' y se ponga así, salvaje
Báilame, pero con coraje
Y deja que esta pista haga que te suba el traje

Miento si te digo que en ti no ando pensando
Quisiera saber lo que estás haciendo
Te llamo, pero me sale ocupado, woh-oh
Tú me robaste el corazón como un criminal
(Bebé yo no puedo negarlo)
Esto que siento por ti no puede ser legal, ah

Criminal, cri-criminal
Tu estilo, tu flow; baby, muy criminal
Criminal, uh, criminal, ah (Criminal, ah)
Criminal, cri-criminal
Tu estilo, tu flow; mami, muy criminal
Criminal, cri-criminal, ah

Como tú lo hace', rompe la ley
Tú eres un delito que yo quiero cometer
Si por eso dieran tiempo, perpetua debieras ver
Para mí, un problema que no quiero resolver, no
Tú me encantas, yo no te quiero mentir
(Tú), tú eres para mí, no te quiero compartir
Sin malas maña', la cosa se nos daña
(Tú), no te has ido y ya mi cuerpo a ti te extraña

Tú me mira' como que te pongo mal
De lejo', yo puedo observar lo que tu mente puede pensar
Tú me dice', que yo me dejo llevar
¿Será porque tiene' un flow demasia'o de cri-criminal, baby?

Criminal, cri-criminal
Tu estilo, tu flow; baby, muy criminal
Criminal, uh, criminal, ah (Criminal, ah)
Criminal, cri-criminal
Tu estilo, tu flow; mami, muy criminal
Criminal, cri-criminal, ah (Ah)

Pina Records
Dímelo Vi
Natti Nat, Natti Nat
La Formula",,https://genius.com/Natti-natasha-and-ozuna-criminal-lyrics,,,uplifting,Spotify: 429 Client Error: Too Many Requests for url: https://api.spotify.com/v1/search?q=track%3ACriminal+artist%3ANATTI+NATASHA&type=track&limit=5,genius,6Za3190Sbw39BBC77WSS1C,Criminal,Natti Natasha,Criminal,0.839,0.813,79.997,0.814,0.03,9.33e-05,0.0561,0.255,2.0,0.0,kaggle
Come as You Are,Nirvana,"Come as you are, as you were
As I want you to be
As a friend, as a friend
As an old enemy
Take your time, hurry up
Choice is yours, don't be late
Take a rest as a friend
As an old memoria

Memoria
Memoria
Memoria

Come doused in mud, soaked in bleach
As I want you to be
As a trend, as a friend
As an old memoria

Memoria
Memoria
Memoria

And I swear that I don't have a gun
No, I don't have a gun
No, I don't have a gun


'Ria
Memoria
Memoria
Memoria (No, I don't have a gun)

Well, I swear that I don't have a gun
No, I don't have a gun
No, I don't have a gun
No, I don't have a gun
No, I don't have a gun

(Memoria)
(Memoria)",,https://genius.com/Nirvana-come-as-you-are-lyrics,,,energetic,Spotify: 429 Client Error: Too Many Requests for url: https://api.spotify.com/v1/search?q=track%3ACome+as+You+Are+artist%3ANirvana&type=track&limit=5,genius,4P5KoWXOxwuobLmHXLMobV,Come As You Are,Nirvana,Nevermind (Remastered),0.539,0.824,120.125,0.5,0.00016,0.00161,0.0388,0.0916,4.0,0.0,kaggle
Underdog,Alicia Keys,"Ooh, ooh, ooh
Ooh, ooh, ooh

She was walking in the street, looked up and noticed
He was nameless, he was homeless
She asked him his name and told him what hers was
He gave her a story 'bout life
With a glint in his eye and a corner of a smile
One conversation, a simple moment
The things that change us if we notice
When we look up sometimes

They said I would never make it
But I was built to break the mold
The only dream that I've been chasing is my own

So I sing a song for the hustlers trading at the bus stop
Single mothers waiting on a check to come
Young teachers, student doctors
Sons on the front line knowing they don't get to run
This goes out to the underdog
Keep on keeping at what you love
You'll find that someday soon enough
You will rise up, rise up, yeah

Ooh, ooh, ooh
Ooh, ooh, ooh

She's riding in a taxi back to the kitchen
Talking to the driver 'bout his wife and his children
On the run from a country where they put you in prison
For being a woman and speaking your mind
She looked in his eyes in the mirror and he smiled
One conversation, a single moment
The things that change us if we notice
When we look up sometimes

They said I would never make it
But I was built to break the mold
The only dream that I've been chasing is my own

So I sing a song for the hustlers trading at the bus stop
Single mothers waiting on a check to come
Young teachers, student doctors
Sons on the front line knowing they don't get to run
This goes out to the underdog
Keep on keeping at what you love
You'll find that someday soon enough
You will rise up, rise up, yeah

Ooh, ooh, ooh
Ooh, ooh, ooh

Everybody rise up
You gonna rise up, ayy

So I sing a song for the hustlers trading at the bus stop
Single mothers waiting on a check to come (Say you're gonna make it)
Young teachers, student doctors (Yeah)
Sons on the front line knowing they don't get to run
This goes out to the underdog
Keep on keeping at what you love
You'll find that someday soon enough
You will rise up, rise up, yeah

Ooh, ooh, ooh
Ooh, ooh, ooh
Ooh, ooh, ooh
Ooh, ooh, ooh",,https://genius.com/Alicia-keys-underdog-lyrics,,,aggressive,Spotify: 429 Client Error: Too Many Requests for url: https://api.spotify.com/v1/search?q=track%3AUnderdog+artist%3AAlicia+Keys&type=track&limit=5,genius,3FGiFUJRRp5RGikVrs6kig,Underdog,Alicia Keys,Underdog,0.298,0.722,90.099,0.655,0.556,0.0,0.048,0.133,0.0,0.0,kaggle
Before You Go,Lewis Capaldi,"I fell by the wayside like everyone else
I hate you, I hate you, I hate you, but I was just kidding myself
Our every moment, I start to replace
'Cause now that they're gone, all I hear are the words that I needed to say

When you hurt under the surface
Like troubled water running cold
Well, time can heal, but this won't

So before you go
Was there something I coulda said to make your heart beat better?
If only I'da known you had a storm to weather
So before you go
Was there something I coulda said to make it all stop hurting?
It kills me how your mind can make you feel so worthless
So before you go

Was never the right time whenever you called
Went little by little by little until there was nothing at all
Our every moment, I start to replay
But all I can think about is seeing that look on your face

When you hurt under the surface
Like troubled water running cold
Well, time can heal, but this won't

So before you go
Was there something I coulda said to make your heart beat better?
If only I'da known you had a storm to weather
So before you go
Was there something I coulda said to make it all stop hurting?
It kills me how your mind can make you feel so worthless
So before you go

Would we be better off by now
If I'da let my walls come down?
Maybe, I guess we'll never know
You know, you know

Before you go
Was there something I coulda said to make your heart beat better?
If only I'da known you had a storm to weather
So before you go
Was there something I coulda said to make it all stop hurting?
It kills me how your mind can make you feel so worthless
So before you go",,https://genius.com/Lewis-capaldi-before-you-go-lyrics,,,dark,Spotify: 429 Client Error: Too Many Requests for url: https://api.spotify.com/v1/search?q=track%3ABefore+You+Go+artist%3ALewis+Capaldi&type=track&limit=5,genius,7ce20yLkzuXXLUhzIDoZih,Before You Go,Lewis Capaldi,Before You Go,0.183,0.575,111.881,0.459,0.604,0.0,0.0573,0.0885,3.0,1.0,kaggle
La Player (Bandolera),Zion & Lennox,"La Z y la L
Si hasta la luz se apaga sola
Péguese, dale, baile ahora
Pa' soltarse un trago se toma
Esta noche no hay quién la coja
Y si decide quedarse conmigo
Ven para que seas tú misma la testigo
Esto es pa' que vea que aún no la olvido
Solo una cosa te pido
Que si decide quedarse conmigo
Ven para que seas tú misma la testigo
Esto es pa' que vea que aún no la olvido
Solo una cosa te pido

Y dime que te dan
Tu mai, tu pai en tu casa
Lo que hicieron fue una amenaza
Pa' darte, my girl
Tu mai, tu pai en tu casa
Lo que hicieron fue una amenaza

Si hasta la luz se apaga sola
Péguese, dale, baile ahora
Pa' soltarse un trago se toma
Esta noche no hay quién la coja

Y si decide quedarse conmigo
Ven para que seas tú misma la testigo
Esto es pa' que vea que aún no la olvido
Solo una cosa te pido

(Y; shh) péguese y comience (Yeah)
Que yo no quiero que se me estrese
Qué rico lo mueve
Así, repítelo, par de veces (Ah)
Frente a frente, baby, y esto e' un juego
Ponte, vente, que en esto nunca pierdo
Viendo como con tu cuerpo conecto
Toma, disfrútalo, quémalo, lento

Ella es una bandolera (Toma)
Me dijo que estaba soltera (—taba soltera)
Y ahora resulta ser que en su casa la esperan
Ella es una bandolera (Tra, tra, tra; toma)
Me dijo que estaba soltera
Pero resulta ser que en su casa la esperan

Tu mai, tu pai en tu casa
Lo que hicieron fue una amenaza
Pa' darte, my girl
Tu mai, tu pai en tu casa
Lo que hicieron fue una amenaza

Si hasta la luz se apaga sola
Péguese, dale, baile ahora
Pa' soltarse un trago se toma
Esta noche no hay quién la coja (Toma, toma)

Y si decide quedarse conmigo (
Ah)
Ven para que seas tú misma la testigo
Esto es pa' que vea que aún no la olvido
Solo una cosa te pido
Que si decide quedarse conmigo
Ven para que seas tú misma la testigo
Esto es pa' que vea que aún no la olvido
Solo una cosa te pido

Que si tú quiere', nos vemos cuando tú quiera' (Yeah)
Y le cuelgas el teléfono temprano
No se da cuenta que va a dormir él solo
Porque sola no te acuestas
Y no le digo na'
Algo le digo, pero me dijo que tarde lo ha pilla'o en una vuelta
No, no le digo na'
Me volvió a llamar
Uoh-uoh, yeah

Ella es una bandolera
Me dijo que estaba soltera (—taba soltera)
Y ahora resulta ser que en su casa la esperan
Ella es una bandolera
Me dijo que estaba soltera
Pero resulta ser que en su casa la esperan

Si hasta la luz se apaga sola
Péguese, dale, baile ahora (Mamacita)
Pa' soltarse un trago se toma (La Z)
Esta noche no hay quién la coja (Y la L)

Y si decide quedarse conmigo (
Bop, bop)
Ven para que seas tú misma la testigo
Esto es pa' que vea que aún no la olvido
Solo una cosa te pido
Dime-Dime-Dime que te dan
Tu mai, tu pai en tu casa
Lo-Lo que hicieron fue una amenaza
Pa' darte, my girl
Tu mai, tu pai en tu casa
Lo-Lo-Lo que hicieron fue una amenaza

Mamacita
Toma, toma
Z-Diddy
Ah
La Z
Zion, baby
Y la L
And Lennox
Dímelo, Vi
Tainy
Dímelo, Haze
Gaby Music
Diamond Inc
Baby Records",,https://genius.com/Zion-and-lennox-la-player-bandolera-lyrics,,,energetic,Spotify: 429 Client Error: Too Many Requests for url: https://api.spotify.com/v1/search?q=track%3ALa+Player+%28Bandolera%29+artist%3AZion+%26+Lennox&type=track&limit=5,genius,0VKkyBKCXyR99navhVRqcP,La player (Bandolera),Zion & Lennox,La Player (Bandolera),0.602,0.838,93.996,0.769,0.16,0.0,0.0633,0.0935,2.0,1.0,kaggle
Corazón,Maluma,"Alright, alright, baby

Tú me partiste el corazón (Maluma, baby)
Pero, mi amor, no hay problema, no, no (Rudeboyz)
Ahora puedo regalar, un pedacito a cada nena
Sólo un pedacito
Tú me partiste el corazón (Ay mi corazón)
Pero, mi amor, no hay problema, no, no
Ahora puedo regalar (Ya que, ya que), un pedacito a cada nena
Sólo un pedacito

Ya no vengas más con eso' cuentos, mami (Jeje)
Si desde el principio siempre estuve pa' ti (Tú sabe')
Nunca me avisaron cuál era el problema (Oh no)
Te gusta estar rodando por camas ajena', ah-ah (Ey, yeh)
Ahora me tocó a mí cambiar el sistema
Andar con gatas nuevas (All right)
Repartir el corazón sin tanta pena
Ahora te digo ""goodbye""
Muito obrigado, pa' ti ya no hay

Uoh-uoh-uohh, uoh-uoh-uohh
No tengo miedo de decir adiós
Yo quiero repartir meu coração
Uoh-uoh-uohh, uoh-uoh-uohh
Ahora te digo ""goodbye""
Muito obrigado, pa' ti ya no hay
(Maluma, baby)

Você partiu meu coração (Ai, meu coração)
Mas meu amor, não tem problema, não, não
Que agora vai sobrar então (O quê? O quê?)
Un pedacito a cada nena
Sólo un pedacito

Se eu não guardo nem dinheiro
Quem dirá guardar rancor
Você vacilou primeiro
Nosso caso acabou

Uoh-uoh-uohh, uoh-uoh-uohh
No tengo miedo de decir adiós
Yo quiero repartir meu coração
Uoh-uoh-uohh, uoh-uoh-uohh
Ahora te digo ""goodbye""
Muito obrigado, pa' ti ya no hay
(Maluma, baby)

Tú me partiste el corazón (Ay, mi corazón)
Pero, mi amor, no hay problema, no, no
Ahora puedo regalar (Ya que, ya que), un pedacito a cada nena
Sólo un pedacito

Tchau, tchau
Eu não sei falar muito bem português
Mas quero aprender, ajaja
Pretty boy, baby
Dirty boy, baby
Maluma, baby, muá
Tú me partiste el corazón (Maluma, baby)
Pero mi amor no hay problema (Rudeboyz)
Sólo un pedacito (Maluma, baby)",,https://genius.com/Maluma-corazon-lyrics,,,uplifting,Spotify: 429 Client Error: Too Many Requests for url: https://api.spotify.com/v1/search?q=track%3ACoraz%C3%B3n+artist%3AMaluma&type=track&limit=5,genius,4lESS6vuruP6a79KWRaQou,Corazón,Maluma,Corazón,0.765,0.768,98.989,0.871,0.283,2.25e-05,0.122,0.162,4.0,0.0,kaggle
Viva La Vida,Coldplay,"I used to rule the world
Seas would rise when I gave the word
Now in the mornin', I sleep alone
Sweep the streets I used to own

I used to roll the dice
Feel the fear in my enemy's eyes
Listen as the crowd would sing
""Now the old king is dead, long live the king""
One minute, I held the key
Next, the walls were closed on me
And I discovered that my castles stand
Upon pillars of salt and pillars of sand

I hear Jerusalem bells a-ringin'
Roman cavalry choirs are singin'
Be my mirror, my sword and shield
My missionaries in a foreign field
For some reason, I can't explain
Once you'd gone, there was never
Never an honest word
And that was when I ruled the world

It was a wicked and wild wind
Blew down the doors to let me in
Shattered windows and the sound of drums
People couldn't believe what I'd become
And revolutionaries wait
For my head on a silver plate
Just a puppet on a lonely string (
Mmm, mmm
)
Aw, who would ever wanna be king?

I hear Jerusalem bells a-ringin'
Roman cavalry choirs are singin'
Be my mirror, my sword and shield
My missionaries in a foreign field
For some reason, I can't explain
I know Saint Peter won't call my name
Never an honest word
But that was when I ruled the world

Oh-oh-oh, oh-oh, oh
Oh-oh-oh, oh-oh, oh
Oh-oh-oh, oh-oh, oh
Oh-oh-oh, oh-oh, oh

(
Oh-oh-oh, oh-oh, oh
)
Hear Jerusalem bells a-ringin'
(Oh-oh-oh, oh-oh, oh)
Roman cavalry choirs are singin'
(Oh-oh-oh, oh-oh, oh)
Be my mirror, my sword and shield
(Oh-oh-oh, oh-oh, oh)
My missionaries in a foreign field
(Oh-oh-oh, oh-oh, oh)
For some reason, I can't explain
(Oh-oh-oh, oh-oh, oh)
I know Saint Peter won't call my name
Never an honest word
But that was when I ruled the world

Mmm, mmm, mmm, mmm
Mmm, mmm, mmm, mmm
Mmm, mmm",,https://genius.com/Coldplay-viva-la-vida-lyrics,,,dark,Spotify: 429 Client Error: Too Many Requests for url: https://api.spotify.com/v1/search?q=track%3AViva+La+Vida+artist%3AColdplay&type=track&limit=5,genius,1mea3bSkSGXuIRvnydlB5b,Viva La Vida,Coldplay,Viva La Vida or Death and All His Friends,0.416,0.619,138.017,0.485,0.0941,3.31e-06,0.0289,0.109,5.0,0.0,kaggle
Karma Police,Radiohead,"Karma police, arrest this man
He talks in maths, he buzzes like a fridge
He's like a detuned radio

Karma police, arrest this girl
Her Hitler hairdo is making me feel ill
And we have crashed her party

This is what you get
This is what you get
This is what you get
When you mess with us

Karma police, I've given all I can
It's not enough, I've given all I can
But we're still on the payroll

This is what you get
This is what you get
This is what you get
When you mess with us

For a minute there
I lost myself, I lost myself
Phew, for a minute there
I lost myself, I lost myself
Oh, for a minute there
I lost myself, I lost myself
Phew, for a minute there
I lost myself, I lost myself",,https://genius.com/Radiohead-karma-police-lyrics,,,dark,Spotify: 429 Client Error: Too Many Requests for url: https://api.spotify.com/v1/search?q=track%3AKarma+Police+artist%3ARadiohead&type=track&limit=5,genius,3SVAN3BRByDmHOhKyIDxfC,Karma Police,Radiohead,OK Computer,0.317,0.505,74.807,0.36,0.0626,9.22e-05,0.026,0.172,7.0,1.0,kaggle
Stairway to Heaven,Led Zeppelin,"There's a lady who's sure all that glitters is gold
And she's buying a stairway to Heaven
When she gets there, she knows if the stores are all closed
With a word, she can get what she came for
Ooh, and she's buying a stairway to Heaven

There's a sign on the wall, but she wants to be sure
'Cause you know sometimes words have two meanings
In a tree by the brook, there's a songbird who sings
Sometimes all of our thoughts are misgiven

Ooh, it makes me wonder
Ooh, makes me wonder

There's a feeling I get when I look to the west
And my spirit is crying for leaving
In my thoughts, I have seen rings of smoke through the trees
And the voices of those who stand looking

Ooh, it makes me wonder
Ooh, really makes me wonder

And it's whispered that soon if we all call the tune
Then the piper will lead us to reason
And a new day will dawn for those who stand long
And the forests will echo with laughter

Oh-oh-oh-oh-woah-ho

If there's a bustle in your hedgerow, don't be alarmed now
It's just a spring clean for the May queen
Yes, there are two paths you can go by, but in the long run
There's still time to change the road you're on

And it makes me wonder
Ohh, oh-oh

Your head is humming and it won't go, in case you don't know
The piper's calling you to join him
Dear lady, can you hear the wind blow?
And did you know
Your stairway lies on the whispering wind? Oh


And as we wind on down the road
Our shadows taller than our soul
There walks a lady we all know
Who shines white light and wants to show
How everything still turns to gold
And if you listen very hard
The tune will come to you at last
When all are one, and one is all, yeah
To be a rock and not to roll

And she's buying a stairway to Heaven",,https://genius.com/Led-zeppelin-stairway-to-heaven-lyrics,,,melancholic,Spotify: 429 Client Error: Too Many Requests for url: https://api.spotify.com/v1/search?q=track%3AStairway+to+Heaven+artist%3ALed+Zeppelin&type=track&limit=5,genius,0AJ62x1CXjJf3VW25CeZXa,Stairway To Heaven,Led Zeppelin,Led Zeppelin IV,0.213,0.335,84.204,0.346,0.575,0.00674,0.0339,0.185,7.0,1.0,kaggle
Thinkin Bout You,Frank Ocean,"A tornado flew around my room before you came
Excuse the mess it made, it usually doesn't rain in
Southern California, much like Arizona
My eyes don't shed tears, but boy, they pour

When I'm thinkin' 'bout you, ooh, no, no, no
I've been thinkin' 'bout you, you know, know, know
I've been thinkin' 'bout you, do you think about me still?
Do ya, do ya?

Or do you not think so far ahead?
'Cause I been thinkin' 'bout forever, ooh
Or do you not think so far ahead?
'Cause I been thinkin' 'bout forever, ooh

No, I don't like you, I just thought you were cool enough to kick it
Got a beach house I could sell you in Idaho
Since you think I don't love you, I just thought you were cute
That's why I kissed you
Got a fighter jet, I don't get to fly it though

I'm lying down thinkin' 'bout you, ooh, no, no, no
I've been thinkin' 'bout you, you know, know, know
I've been thinkin' 'bout you, do you think about me still? (Do ya, do ya?)
Do ya, do ya? (Do ya, do ya?)

Or do you not think so far ahead?
'Cause I been thinkin' 'bout forever, ooh
Or do you not think so far ahead?
'Cause I been thinkin' 'bout forever, ooh

Yes, of course
I remember, how could I forget (How could I forget)
How you feel? (How you feel?)
You know you were my first time (Time)
A new feel (Down)
It won't ever get old, not in my soul, not in my spirit, keep it alive
We'll go down this road 'til it turns from color to black and white

Or do you not think so far ahead?
'Cause I been thinkin' 'bout forever, ooh
Or do you not think so far ahead?
'Cause I been thinkin' 'bout forever, ooh",,https://genius.com/Frank-ocean-thinkin-bout-you-lyrics,,,melancholic,Spotify: 429 Client Error: Too Many Requests for url: https://api.spotify.com/v1/search?q=track%3AThinkin+Bout+You+artist%3AFrank+Ocean&type=track&limit=5,genius,7DfFc7a6Rwfi3YQMRbDMau,Thinkin Bout You,Frank Ocean,channel ORANGE,0.2,0.339,129.83,0.721,0.409,0.00153,0.0532,0.0973,0.0,1.0,kaggle
Say You Won’t Let Go,James Arthur,"I met you in the dark, you lit me up
You made me feel as though I was enough
We danced the night away, we drank too much
I held your hair back when you were throwin' up

Then you smiled over your shoulder
For a minute, I was stone-cold sober
I pulled you closer to my chest
And you asked me to stay over
I said, ""I already told ya
I think that you should get some rest""

I knew I loved you then, but you'd never know
'Cause I played it cool when I was scared of letting go
I knew I needed you, but I never showed
But I wanna stay with you until we're grey and old

Just say you won't let go
Just say you won't let go

I'll wake you up with some breakfast in bed
I'll bring you coffee with a kiss on your head
And I'll take the kids to school, wave them goodbye
And I'll thank my lucky stars for that night

When you looked over your shoulder
For a minute, I'll forget that I'm older
I wanna dance with you right now, woah
And you look as beautiful as ever
And I swear that every day, you'll get better
You make me feel this way somehow

I'm so in love with you, and I hope you know
Darlin', your love is more than worth its weight in gold
We've come so far, my dear, look how we've grown
And I wanna stay with you until we're grey and old

Just say you won't let go
Just say you won't let go

I wanna live with you even when we're ghosts
'Cause you were always there for me when I needed you most

I'm gonna love you till my lungs give out
I promise till death we part, like in our vows
So I wrote this song for you, now everybody knows
That it's just you and me till we're grey and old

Just say you won't let go
Just say you won't let go
Just say you won't let go
Oh, just say you won't let go",,https://genius.com/James-arthur-say-you-wont-let-go-lyrics,,,chill,Spotify: 429 Client Error: Too Many Requests for url: https://api.spotify.com/v1/search?q=track%3ASay+You+Won%E2%80%99t+Let+Go+artist%3AJames+Arthur&type=track&limit=5,genius,1Pw5C4N6Fn5E4mGCxmbbVa,Say You Won't Let Go,James Arthur,Say You Won't Let Go,0.483,0.564,99.269,0.4,0.693,0.0,0.0523,0.0863,10.0,1.0,kaggle
Focus,H.E.R.,"Me (Me, me, me)
Can you focus on me? (Me, me)
Baby, can you focus on me? (Focus on me)
Babe

Hands in the soap (Soap)
Have the faucets running
And I keep looking at you
(Looking at you, looking at you)
Stuck on your phone
And you're stuck in your zone
You don't have a clue
But I don't wanna give up (Give up, give up)
Baby, I just want you to get up (Get up, get up)
Lately, I've been a little fed up (Fed up, fed up)
Wish you would just focus on

Me
Can you focus on me?
Baby, can you focus on me?
Me, me
Can you focus on me?
Baby, can you focus on me?

Lazy and broke? (Broke)
No, he get this money
So I guess I can't complain
But I feel alone even when we're alone
And that don't cost a thing

But I don't wanna give up
Baby, I just want you to get up
Lately, I've been a little fed up (A little fed up, yeah)
Wish you would just focus on

Me
Can you focus on me? (Ooh, yeah)
Baby, can you focus on me?
Me, me
Can you focus on me?
Baby, can you focus on me?

Baby, baby, focus
Can't you see?
I just wanna love you, baby
Look me in my eyes, ooh",,https://genius.com/Her-focus-lyrics,,,melancholic,Spotify: 429 Client Error: Too Many Requests for url: https://api.spotify.com/v1/search?q=track%3AFocus+artist%3AH.E.R.&type=track&limit=5,genius,3tZs3nVjySLbL320lP4mvs,Focus,H.E.R.,H.E.R.,0.0875,0.313,84.953,0.415,0.255,1.4e-05,0.0561,0.117,1.0,0.0,kaggle
Radioactive,Imagine Dragons,"Woah
Woah
Woah
Woah

I'm waking up to ash and dust
I wipe my brow and I sweat my rust
I'm breathing in the chemicals
Uh, ah

I'm breaking in and shaping up
Then checking out on the prison bus
This is it, the apocalypse
Woah

I'm waking up, I feel it in my bones
Enough to make my system blow
Welcome to the new age, to the new age
Welcome to the new age, to the new age

Woah-oh, woah
I'm radioactive, radioactive
Woah-oh, woah
I'm radioactive, radioactive

I raise my flags, dye my clothes
It's a revolution, I suppose
We're painted red to fit right in
Woah

I'm breaking in and shaping up
Then checking out on the prison bus
This is it, the apocalypse
Woah

I'm waking up, I feel it in my bones
Enough to make my system blow
Welcome to the new age, to the new age
Welcome to the new age, to the new age

Woah-oh, woah
I'm radioactive, radioactive
Woah-oh, woah
I'm radioactive, radioactive

All systems go, the sun hasn't died
Deep in my bones, straight from inside

I'm waking up, I feel it in my bones
Enough to make my system blow
Welcome to the new age, to the new age
Welcome to the new age, to the new age

Woah-oh, woah
I'm radioactive, radioactive
Woah-oh, woah
I'm radioactive, radioactive",,https://genius.com/Imagine-dragons-radioactive-lyrics,,,aggressive,Spotify: 429 Client Error: Too Many Requests for url: https://api.spotify.com/v1/search?q=track%3ARadioactive+artist%3AImagine+Dragons&type=track&limit=5,genius,6Ep6BzIOB9tz3P4sWqiiAB,Radioactive,Imagine Dragons,Night Visions (Deluxe),0.21,0.777,136.249,0.473,0.119,7.87e-05,0.059,0.671,9.0,1.0,kaggle
All of Me,John Legend,"What would I do without your smart mouth?
Drawing me in and you kicking me out
You've got my head spinning, no kidding
I can't pin you down
What's goin' on in that beautiful mind?
I'm on your magical mystery ride
And I'm so dizzy, don't know what hit me
But I'll be alright

My head's under water, but I'm breathing fine
You're crazy and I'm out of my mind

'Cause all of me loves all of you
Love your curves and all your edges
All your perfect imperfections
Give your all to me, I'll give my all to you
You're my end and my beginning
Even when I lose, I'm winning

'Cause I give you all of me
And you give me all of you, oh-oh

How many times do I have to tell you?
Even when you're crying, you're beautiful, too
The world is beating you down, I'm around
Through every mood
You're my downfall, you're my muse
My worst distraction, my rhythm and blues
I can't stop singing, it's ringing
In my head for you

My head's under water, but I'm breathing fine
You're crazy and I'm out of my mind

'Cause all of me loves all of you
Love your curves and all your edges
All your perfect imperfections
Give your all to me, I'll give my all to you
You're my end and my beginning
Even when I lose, I'm winning

'Cause I give you all of me
And you give me all of you, oh-oh

Give me all of you, oh
Cards on the table, we're both showing hearts
Risking it all, though it's hard

'Cause all of me loves all of you
Love your curves and all your edges
All your perfect imperfections
Give your all to me, I'll give my all to you
You're my end and my beginning
Even when I lose, I'm winning

'Cause I give you all of me
And you give me all of you

I give you all of me
And you give me all of you, oh-oh",,https://genius.com/John-legend-all-of-me-lyrics,,,melancholic,Spotify: 429 Client Error: Too Many Requests for url: https://api.spotify.com/v1/search?q=track%3AAll+of+Me+artist%3AJohn+Legend&type=track&limit=5,genius,3U4isOIWM3VvDubwSI3y7a,All of Me,John Legend,Love In The Future (Expanded Edition),0.331,0.264,119.93,0.422,0.922,0.0,0.0322,0.132,8.0,1.0,kaggle
Halo,Beyoncé,"Remember those walls I built?
Well, baby, they're tumblin' down
And they didn't even put up a fight
They didn't even make a sound
I found a way to let you in
But I never really had a doubt
Standin' in the light of your halo
I got my angel now

It's like I've been awakened
Every rule, I had you breakin'
It's the risk that I'm takin'
I ain't ever gonna shut you out

Everywhere I'm lookin' now
I'm surrounded by your embrace
Baby, I can see your halo
You know you're my savin' grace
You're everything I need and more
It's written all over your face
Baby, I can feel your halo
Pray it won't fade away

I can feel your halo, halo, halo
I can see your halo, halo, halo
I can feel your halo, halo, halo
I can see your halo, halo, halo, ooh

Hit me like a ray of sun
Burnin' through my darkest night
You're the only one that I want
Think I'm addicted to your light
I swore I'd never fall again
But this don't even feel like fallin'
Gravity can't begin
To pull me back to the ground again

It's like I've been awakened
Every rule, I had you breakin'
The risk that I'm takin'
I'm never gonna shut you out

Everywhere I'm lookin' now
I'm surrounded by your embrace
Baby, I can see your halo
You know you're my savin' grace
You're everything I need and more
It's written all over your face
Baby, I can feel your halo
Pray it won't fade away

I can feel your halo, halo, halo
I can see your halo, halo, halo
I can feel your halo, halo, halo
I can see your halo, halo, halo, ooh
I can feel your halo, halo, halo
I can see your halo, halo, halo
I can feel your halo, halo, halo
I can see your halo, halo, halo, ooh

Halo, ooh
Halo, ooh
Ooh

Everywhere I'm lookin' now
I'm surrounded by your embrace
Baby, I can see your halo
You know you're my savin' grace
You're everything I need and more
It's written all over your face
Baby, I can feel your halo
Pray it won't fade away

I can feel your halo, halo, halo
I can see your halo, halo, halo
I can feel your halo, halo, halo
I can see your halo, halo, halo, ooh
I can feel your halo, halo, halo
I can see your halo, halo, halo
I can feel your halo, halo, halo
I can see your halo, halo, halo, ooh",,https://genius.com/Beyonce-halo-lyrics,,,energetic,Spotify: 429 Client Error: Too Many Requests for url: https://api.spotify.com/v1/search?q=track%3AHalo+artist%3ABeyonc%C3%A9&type=track&limit=5,genius,4JehYebiI9JE8sR8MisGVb,Halo,Beyoncé,I AM...SASHA FIERCE,0.472,0.72,79.983,0.508,0.272,0.0,0.0628,0.0563,11.0,0.0,kaggle
Comfortably Numb,Pink Floyd,"Hello? (Hello, hello, hello)
Is there anybody in there?
Just nod if you can hear me
Is there anyone home?
Come on (Come on, come on), now
I hear you're feeling down
Well, I can ease your pain
And get you on your feet again
Relax (Relax, relax, relax)
I'll need some information first
Just the basic facts
Can you show me where it hurts?

There is no pain, you are receding
A distant ship, smoke on the horizon
You are only coming through in waves
Your lips move, but I can't hear what you're saying
When I was a child, I had a fever
My hands felt just like two balloons
Now I've got that feeling once again
I can't explain, you would not understand
This is not how I am

I have become comfortably numb


I have become comfortably numb

Okay (Okay, okay, okay)
Just a little pinprick
There'll be no more
But you may feel a little sick
Can you stand up? (Stand up, stand up)
I do believe it's working, good
That'll keep you going through the show
Come on, it's time to go

There is no pain, you are receding
A distant ship, smoke on the horizon
You are only coming through in waves
Your lips move, but I can't hear what you're saying
When I was a child, I caught a fleeting glimpse
Out of the corner of my eye
I turned to look, but it was gone
I cannot put my finger on it now
The child is grown, the dream is gone

I have become comfortably numb",,https://genius.com/Pink-floyd-comfortably-numb-lyrics,,,melancholic,Spotify: 429 Client Error: Too Many Requests for url: https://api.spotify.com/v1/search?q=track%3AComfortably+Numb+artist%3APink+Floyd&type=track&limit=5,genius,5HNCy40Ni5BZJFw1TKzRsC,Comfortably Numb,Pink Floyd,The Wall,0.171,0.366,127.167,0.472,0.15,0.308,0.0286,0.0837,11.0,0.0,kaggle
Enter Sandman,Metallica,"Say your prayers, little one, don't forget, my son
To include everyone
I tuck you in, warm within, keep you free from sin
'Til the Sandman, he comes

Sleep with one eye open
Gripping your pillow tight

Exit light
Enter night
Take my hand
We're off to never-never land

Something's wrong, shut the light, heavy thoughts tonight
And they aren't of Snow White
Dreams of war, dreams of liars, dreams of dragons' fire
And of things that will bite, yeah

Sleep with one eye open
Gripping your pillow tight

Exit light
Enter night
Take my hand
We're off to never-never land, yeah


Now, I lay me down to sleep
Now, I lay me down to sleep
Pray the Lord my soul to keep
Pray the Lord my soul to keep
If I die before I wake
If I die before I wake
Pray the Lord my soul to take
Pray the Lord my soul to take

Hush little baby, don't say a word
And never mind that noise you heard
It's just the beasts under your bed
In your closet, in your head

Exit light
Enter night
Grain of sand
Exit light
Enter night
Take my hand
We're off to never-never land
(Yeah, haha haha)

Oh, yeah-yeah, yo-oh
We're off to never-never land
Take my hand
We're off to never-never land
Take my hand
We're off to never-never land
We're off to never-never land
We're off to never-never land
We're off to never-never land",,https://genius.com/Metallica-enter-sandman-lyrics,,,energetic,Spotify: 429 Client Error: Too Many Requests for url: https://api.spotify.com/v1/search?q=track%3AEnter+Sandman+artist%3AMetallica&type=track&limit=5,genius,5BIMPccDwShpXq784RJlJp,Enter Sandman,Metallica,Metallica,0.635,0.824,123.331,0.579,0.00206,0.00903,0.03,0.059,6.0,0.0,kaggle
Perfect,Ed Sheeran,"I found a love for me
Oh, darlin', just dive right in and follow my lead
Well, I found a girl, beautiful and sweet
Oh, I never knew you were the someone waitin' for me

'Cause we were just kids when we fell in love
Not knowin' what it was
I will not give you up this time
But, darlin', just kiss me slow
Your heart is all I own
And in your eyes, you're holdin' mine

Baby, I'm dancin' in the dark with you between my arms
Barefoot on the grass while listenin' to our favourite song
When you said you looked a mess, I whispered underneath my breath
But you heard it, ""Darlin', you look perfect tonight""

Well, I found a woman stronger than anyone I know
She shares my dreams, I hope that, someday, I'll share her home
I found a love to carry more than just my secrets
To carry love, to carry children of our own

We are still kids, but we're so in love
Fightin' against all odds
I know we'll be alright this time
Darlin', just hold my hand
Be my girl, I'll be your man
I see my future in your eyes

Baby, I'm dancin' in the dark with you between my arms
Barefoot on the grass while listenin' to our favourite song
When I saw you in that dress, lookin' so beautiful
I don't deserve this, darlin', you look perfect tonight

No, no, no
Mm, no, no

Baby, I'm dancin' in the dark with you between my arms
We're barefoot on the grass, oh, listenin' to our favourite song
I have faith in what I see, now I know I have met
An angel in person and she looks perfect
I don't deserve this, you look perfect tonight",,https://genius.com/Ed-sheeran-perfect-lyrics,,,dark,Spotify: 429 Client Error: Too Many Requests for url: https://api.spotify.com/v1/search?q=track%3APerfect+artist%3AEd+Sheeran&type=track&limit=5,genius,0tgVpDi06FyKpA1z0VMD4v,Perfect,Ed Sheeran,÷ (Deluxe),0.168,0.448,95.05,0.599,0.163,0.0,0.0232,0.106,8.0,1.0,kaggle
Hotline Bling,Drake,"You used to call me on my
You used to, you used to
Yeah

You used to call me on my cell phone
Late-night when you need my love
Call me on my cell phone
Late-night when you need my love
And I know when that hotline bling
That can only mean one thing
I know when that hotline bling
That can only mean one thing

Ever since I left the city, you
Got a reputation for yourself now
Everybody knows and I feel left out
Girl, you got me down, you got me stressed out
'Cause ever since I left the city, you
Started wearin' less and goin' out more
Glasses of champagne out on the dance floor
Hangin' with some girls I never seen before

You used to call me on my cell phone
Late-night when you need my love
Call me on my cell phone
Late-night when you need, my love
I know when that hotline bling
That can only mean one thing
I know when that hotline bling
That can only mean one thing

Ever since I left the city, you, you, you
You and me, we just don't get along
You make me feel like I did you wrong
Goin' places where you don't belong
Ever since I left the city, you
You got exactly what you asked for
Runnin' out of pages in your passport
Hangin' with some girls I've never seen before

You used to call me on my cell phone
Late-night when you need my love
Call me on my cell phone
Late-night when you need, my love
And I know when that hotline bling
That can only mean one thing
I know when that hotline bling
That can only mean one thing

These days, all I do is
Wonder if you're bendin' over backwards for someone else
Wonder if you're rollin' up a Backwoods for someone else
Doing things I taught you, gettin' nasty for someone else
You don't need no one else
You don't need nobody else, no
Why you never alone?
Why you always touchin' road?
Used to always stay at home
Be a good girl, you was in the zone
Yeah, you should just be yourself
Right now, you're someone else

You used to call me on my cell phone
Late-night when you need my love
Call me on my cell phone
Late-night when you need my love
And I know when that hotline bling
That can only mean one thing
I know when that hotline bling
That can only mean one thing

Ever since I left the city—",,https://genius.com/Drake-hotline-bling-lyrics,,,uplifting,Spotify: 429 Client Error: Too Many Requests for url: https://api.spotify.com/v1/search?q=track%3AHotline+Bling+artist%3ADrake&type=track&limit=5,genius,76P07ei8drjrenqtvDbefy,Hotline Bling,Drake,Views,0.572,0.617,134.972,0.905,0.00287,0.00044,0.0596,0.0484,2.0,1.0,kaggle
Don’t Start Now,Dua Lipa,"If you don't wanna see me

Did a full one-eighty, crazy
Thinking 'bout the way I was
Did the heartbreak change me? Maybe
But look at where I ended up
I'm all good already
So moved on, it's scary
I'm not where you left me at all, so

If you don't wanna see me dancing with somebody
If you wanna believe that anything could stop me

Don't show up, don't come out
Don't start caring about me now
Walk away, you know how
Don't start caring about me now

Aren't you the guy who tried to
Hurt me with the word ""goodbye""?
Though it took some time to survive you
I'm better on the other side

I'm all good already
So moved on, it's scary
I'm not where you left me at all, so

If you don't wanna see me dancing with somebody
If you wanna believe that anything could stop me
(Don't, don't, don't)

Don't show up, don't come out
Don't start caring about me now
Walk away, you know how
Don't start caring about me now ('Bout me now, 'bout me)

Up, up
Don't come out, out, out
Don't show up, up, up
Don't start now (Oh)
Up, up
Don't come out, out
I'm not where you left me at all, so

If you don't wanna see me dancing with somebody
If you wanna believe that anything could stop me

Don't show up (Don't show up), don't come out (Don't come out)
Don't start caring about me now ('Bout me now)
Walk away (Walk away), you know how (You know how)
Don't start caring about me now (So)

Up, up
Don't come out, out, out
Don't show up, up, up
Walk away, walk away (So)
Up, up
Don't come out, out, out
Don't show up, up, up
Walk away, walk away, oh",,https://genius.com/Dua-lipa-dont-start-now-lyrics,,,energetic,Spotify: 429 Client Error: Too Many Requests for url: https://api.spotify.com/v1/search?q=track%3ADon%E2%80%99t+Start+Now+artist%3ADua+Lipa&type=track&limit=5,genius,6WrI0LAC5M1Rw2MnX2ZvEg,Don't Start Now,Dua Lipa,Don't Start Now,0.677,0.793,123.941,0.794,0.0125,0.0,0.0842,0.0952,11.0,0.0,kaggle
Under the Bridge,Red Hot Chili Peppers,"Sometimes I feel like I don't have a partner
Sometimes I feel like my only friend
Is the city I live in, The City of Angels
Lonely as I am, together we cry

I drive on her streets 'cause she's my companion
I walk through her hills 'cause she knows who I am
She sees my good deeds and she kisses me windy
Well, I never worry, now that is a lie

I don't ever wanna feel like I did that day
Take me to the place I love, take me all the way
I don't ever wanna feel like I did that day
Take me to the place I love, take me all the way
Yeah, yeah, yeah

It's hard to believe that there's nobody out there
It's hard to believe that I'm all alone
At least I have her love, the city, she loves me
Lonely as I am, together we cry

I don't ever wanna feel like I did that day
Take me to the place I love, take me all the way
I don't ever wanna feel like I did that day
Take me to the place I love, take me all the way

Yeah, yeah, yeah
Oh, no, no-no, yeah, yeah
Love me, I say, yeah, yeah
(One time)

(Under the bridge downtown)
Is where I drew some blood
(Under the bridge downtown)
I could not get enough
(Under the bridge downtown)
Forgot about my love
(Under the bridge downtown)
I gave my life away, yeah
Yeah, yeah (Away)
Oh, no, no-no-no, yeah, yeah (Away)
Oh, no, I said, yeah, yeah (Away)
Where I'll stay",,https://genius.com/Red-hot-chili-peppers-under-the-bridge-lyrics,,,chill,Spotify: 429 Client Error: Too Many Requests for url: https://api.spotify.com/v1/search?q=track%3AUnder+the+Bridge+artist%3ARed+Hot+Chili+Peppers&type=track&limit=5,genius,3d9DChrdc6BOeFsbrZ3Is0,Under the Bridge,Red Hot Chili Peppers,Blood Sugar Sex Magik (Deluxe Edition),0.458,0.345,84.581,0.559,0.0576,0.000105,0.0459,0.141,4.0,1.0,kaggle
Rhythm is Gonna Get You,Gloria Estefan,"Oh-eh, oh-eh
Oh-eh, oh-eh
Oh-eh, oh-oh-ah
Oh-eh, oh-oh-ah
Oh-eh, oh-eh (Yah-yeah-go)
Oh-eh, oh-eh
Oh-eh, oh-oh-ah (Yah-yeah-go)
Oh-eh, oh-oh-ah

At night, when you turn off all the lights
There's no place that you can hide
No, no, the rhythm is gonna get ya
In bed, throw the covers on your head
You pretend like you are dead
But I know it, the rhythm is gonna get ya

Rhythm is gonna get ya
Rhythm is gonna get ya
Rhythm is gonna get you
The rhythm is gonna get you tonight

No way, you can fight it every day
But no matter what you say
You know it, the rhythm is gonna get ya
No clue of what's happening to you
And before this night is through
Ooh, baby, the rhythm is gonna get ya

Rhythm is gonna get ya
Rhythm is gonna get you
Rhythm is gonna get you
The rhythm is gonna get you tonight

Oh-eh, oh-eh
Oh-eh, oh-eh
Oh-eh, oh-oh-ah
Oh-eh, oh-oh-ah
Oh-eh, oh-eh
Oh-eh, oh-eh
Oh-eh, oh-oh-ah
Oh-eh, oh-oh-ah
Oh-eh, oh-eh
Yah-yeah-go
Yah-yeah-go
Yah-yeah-go

Rhythm is gonna get ya
Rhythm is gonna get ya
Rhythm is gonna get you
The rhythm is gonna get you
Rhythm is gonna get ya
Rhythm is gonna get ya

Na-na-na-na-na-na-na-na
Na-na-na-na-na-na-na
Rhythm is gonna get you
Na-na-na-na-na-na-na-na
Na-na-na-na-na-na-na
Oh-eh, oh-eh
Rhythm is gonna get you
Na-na-na-na-na-na-na-na
Oh-eh, oh-oh-ah
Rhythm is gonna get you
Na-na-na-na-na-na-na
Oh-eh, oh-eh
Oh-eh, oh-eh
Na-na-na-na-na-na-na-na
Oh-eh, oh-oh-ah
Oh-eh, oh-oh-ah
Na-na-na-na-na-na-na
Oh-eh, oh-eh
Oh-eh, oh-eh
Na-na-na-na-na-na-na-na
Oh-eh, oh-oh-ah
Oh-eh, oh-oh-ah
Na-na-na-na-na-na-na-na
Oh-eh, oh-eh
The rhythm is gonna get you tonight",,https://genius.com/Gloria-estefan-and-miami-sound-machine-rhythm-is-gonna-get-you-lyrics,,,uplifting,Spotify: 429 Client Error: Too Many Requests for url: https://api.spotify.com/v1/search?q=track%3ARhythm+is+Gonna+Get+You+artist%3AGloria+Estefan&type=track&limit=5,genius,5g0qn8cU7uTzbPwma79XdR,Rhythm Is Gonna Get You,Gloria Estefan,Let It Loose/Cuts Both Ways/Into The Light (3 Pak),0.861,0.745,124.961,0.777,0.236,0.0412,0.0396,0.232,4.0,0.0,kaggle
Fix You,Coldplay,"When you try your best, but you don't succeed
When you get what you want, but not what you need
When you feel so tired, but you can't sleep
Stuck in reverse

And the tears come streamin' down your face
When you lose somethin' you can't replace
When you love someone, but it goes to waste
Could it be worse?

Lights will guide you home
And ignite your bones
And I will try
 to fix you

And high up above or down below
When you're too in love to let it go
But if you never try, you'll never know
Just what you're worth

Lights will guide you home
And ignite your bones
And I will try
 to fix you


Tears stream down your face
When you lose somethin' you cannot replace
Tears stream down your face
And I
Tears stream down your face
I promise you I will learn from my mistakes
Tears stream down your face
And I

Lights will guide you home
And ignite your bones
And I will try to fix you",,https://genius.com/Coldplay-fix-you-lyrics,,,dark,Spotify: 429 Client Error: Too Many Requests for url: https://api.spotify.com/v1/search?q=track%3AFix+You+artist%3AColdplay&type=track&limit=5,genius,7LVHVU3tWfcxj5aiPFEW4Q,Fix You,Coldplay,X&Y,0.123,0.418,138.265,0.209,0.163,0.00195,0.0338,0.113,3.0,1.0,kaggle
Anaconda,Nicki Minaj,"My anaconda don't, my anaconda don't
My anaconda don't want none unless you got buns, hun

Boy toy named Troy used to live in Detroit
Big dope dealer money, he was gettin' some coins
Was in shootouts with the law, but he live in a palace
Bought me Alexander McQueen, he was keepin' me stylish
Now that's real, real, real
Gun in my purse, bitch, I came dressed to kill
Who wanna go first? I had 'em pushin' daffodils
I'm high as hell, I only took a half a pill
I'm on some dumb shit

By the way, what he say? (Hey, hey)
He can tell I ain't missing no meals (Hey)
Come through and fuck him in my automobile (Hey)
Let him eat it with his grills, he keep tellin' me to chill
He keep tellin' me it's real, that he love my sex appeal (Hey)
He say he don't like 'em boney, he want something he can grab (Hey)
So I pulled up in the Jag and I hit him with the jab like (Hey)
Dun-d-d-dun-dun-d-d-dun-dun (Hey, hey)

My anaconda don't, my anaconda don't
My anaconda don't want none unless you got buns, hun

Oh my gosh, look at her butt
Oh my gosh, look at her butt (Oh-oh-oh)
Oh my gosh, look at her butt
Look at her butt, look at, look at, look at
Look at her butt

This dude named Michael used to ride motorcycles
Dick bigger than a tower, I ain't talkin' 'bout Eiffel's
Real country-ass nigga let me play with his rifle
Pussy put his ass to sleep, now he callin' me NyQuil
Now that bang, bang, bang
I let him hit it 'cause he slang cocaine
He toss my salad like his name Romaine
And when we done, I make him buy me Balmain
I'm on some dumb shit

By the way, what he say? (Hey, hey)
He can tell I ain't missing no meals (Hey)
Come through and fuck him in my automobile (Hey)
Let him eat it with his grills, he keep tellin' me to chill
He keep tellin' me it's real, that he love my sex appeal (Hey)
He say he don't like 'em boney, he want something he can grab (Hey)
So I pulled up in the Jag, Mayweather with the jab like (Hey)
Dun-d-d-dun-dun-d-d-dun-dun (Hey, hey)

My anaconda don't, my anaconda don't
My anaconda don't want none unless you got buns, hun

Oh my gosh, look at her butt
Oh my gosh, look at her butt
Oh-oh-oh, oh my gosh, look at her butt
Look at her butt, look at, look at, look at
Look at her butt

Little in the middle, but she got much back
Little in the middle, but she got much back
Little in the middle, but she got much back
Oh my God, look at her butt

My anaconda don't, my anaconda don't
My anaconda don't want none unless you got buns, hun
Don't, my anaconda don't
Don't want none unless you got buns, hun

Oh my gosh, look at her butt (
Little in the middle, but she got much back
)
Oh my gosh, look at her butt (
Little in the middle, but she got much back
)
Oh-oh-oh, oh my gosh, look at her butt (
Little in the middle, but she got much back
)
Oh my God (Look at her butt, look at, look at, look at)
Look at her butt

Yeah, he love this fat ass
Yeah, this one is for my bitches with a fat ass in the fucking club
I said, where my fat ass big bitches in the club?
Fuck those skinny bitches, fuck those skinny bitches in the club
I wanna see all the big fat-ass bitches in the motherfuckin' club
Fuck you if you skinny, bitches, what? Kyuh
Rrr, yeah
I got a big fat ass
Kyuh, come on
Hey
Hey
Hey",,https://genius.com/Nicki-minaj-anaconda-lyrics,,,uplifting,Spotify: 429 Client Error: Too Many Requests for url: https://api.spotify.com/v1/search?q=track%3AAnaconda+artist%3ANicki+Minaj&type=track&limit=5,genius,7zycSpvjDcqh6YT1FEl2kY,Anaconda,Nicki Minaj,The Pinkprint (Deluxe Edition),0.647,0.603,129.99,0.963,0.0673,5.93e-06,0.18,0.214,2.0,1.0,kaggle
You Know I’m No Good,Amy Winehouse,"Meet you downstairs in the bar and hurt
Your rolled-up sleeves and your skull t-shirt
You say, ""What did you do with him today?""
And sniffed me out like I was Tanqueray
'Cause you're my fella, my guy
Hand me your Stella and fly
By the time I'm out the door
You tear men down like Roger Moore

I cheated myself
Like I knew I would
I told you I was trouble
You know that I'm no good

Upstairs in bed with my ex-boy
He's in the place, but I can't get joy
Thinkin' on you in the final throes
This is when my buzzer goes
Run out to meet ya, chips and pita
You say, ""When we married"", 'cause you're not bitter
""There'll be none of him no more""
I cried for you on the kitchen floor

I cheated myself
Like I knew I would
I told you I was trouble
You know that I'm no good


Sweet reunion, Jamaica and Spain
We're like how we were again
I'm in the tub, you on the seat
Lick your lips as I soap my feet
Then you notice likkle carpet burn
My stomach drop and my guts churn
You shrug, and it's the worst
Who truly stuck the knife in first?

I cheated myself
Like I knew I would
I told you I was trouble
You know that I'm no good
I cheated myself
Like I knew I would
I told you I was trouble
Yeah, you know that I'm no good",,https://genius.com/Amy-winehouse-you-know-im-no-good-lyrics,,,energetic,Spotify: 429 Client Error: Too Many Requests for url: https://api.spotify.com/v1/search?q=track%3AYou+Know+I%E2%80%99m+No+Good+artist%3AAmy+Winehouse&type=track&limit=5,genius,4zQuwW24dweWcaX0fEJkP2,You Know I'm No Good,Amy Winehouse,Back To Black,0.734,0.806,103.383,0.705,0.0132,0.00428,0.0309,0.0701,9.0,1.0,kaggle
Tutu,Camilo,"(Camilo, hmm-mmm)
Ay, yo no sé de poesía ni de filosofía (Uoh-oh, uoh)
Sólo sé que tu vida yo la quiero en la mía

Yo no sé cómo hacer pa' no tenerte, la' gana' que te tengo
Cómo hacer pa' no quererte, yeah, ah

Tutu, nadie como Tutu, no hay un sustitu-tu
Pa' ese cuerpo tuyo que a mí ya me tiene cucu
En un rato te buscu, voy y te acurrucu, yeah-eh

No hay nadie como Tutu
Porque no hay nadie como Tutu
No hay nadie como Tutu (Nadie como tú)
No hay nadie como Tutu (Nadie como tú)
(Yeah, yeah, yeah, yeah)

Tamo' online como YouTube
Conecta'os como Bluetooth
Si me deja', yo soy la aguja
Y tú mi muñeca voodoo, ooh
Yo te quiero pa' mí, mí (Pa' mí)
Si me dices que sí, sí (Que sí)
Me muero y me desmuero sólo por ti, ha

Porque yo me acurruco sólo contigo (Ay, yo contigo)
Pongamo' el aire en dieciséis pa' morirnos de frío (Yeah, yeah)
Y vente pa'l la'o mío (Vente pa'l la'o mío)
Que mis besitos de pronto te sirven de abrigo

Cómo hacer pa' no quererte, yeah

Tutu, nadie como Tutu, no hay un sustitu-tu
Pa' ese cuerpo tuyo que a mí ya me tiene cucu
En un rato te buscu, voy y te acurrucu, yeah

No hay nadie como Tutu
Porque no hay nadie como Tutu (Nadie, ey)
No hay nadie como Tutu (Nadie como tú)
No hay nadie como Tutu (Nadie como tú)

Porque yo me acurruco sólo contigo
Pongamo' el aire en dieciséis pa' morirnos de frío (Yeah, yeah)
Y vente pa'l la'o mío (Ay, vente pa'l la'o mío)
Que mis besito' de pronto te sirven de abrigo

Cómo hacer pa' no tenerte, la' ganas que te tengo
Cómo hacer pa' no quererte, yeah

Tutu, nadie como Tutu, no hay un sustitu-tu
Pa' ese cuerpo tuyo que a mí ya me tiene cucu
En un rato te buscu, voy y te acurrucu, yeah-eh

No hay nadie como Tutu (Nadie como tú)
Porque no hay nadie como Tutu (Nadie como tú)
No hay nadie como Tutu (Nadie como tú, tú)
No hay nadie como Tutu (No hay nadie como tú, tú)

(La Tribu)
(Capo)",,https://genius.com/Camilo-and-pedro-capo-tutu-lyrics,,,uplifting,Spotify: 429 Client Error: Too Many Requests for url: https://api.spotify.com/v1/search?q=track%3ATutu+artist%3ACamilo&type=track&limit=5,genius,1nocRtwyNPVtGcIJqfgdzZ,Tutu,Camilo,Tutu,0.94,0.832,146.013,0.731,0.273,0.0,0.0503,0.0665,9.0,1.0,kaggle
Young Dumb & Broke,Khalid,"So you're still thinking of me
Just like I know you should
I can not give you everything, you know I wish I could
I'm so high at the moment
I'm so caught up in this
Yeah, we're just young, dumb and broke
But we still got love to give

While we're young, dumb, young, young, dumb and broke
Young, dumb, young, young, dumb and broke
Young, dumb, young, young, dumb and broke
Young, dumb, broke high school kids
Ya-da-da, da-da-da-da-da
Ya-da-da, da-da-da-da
Ya-da-da, da-da-da-da-da
Young, dumb, broke high school kids

We have so much in common
We argue all the time
You always say I'm wrong
I'm pretty sure I'm right
What's fun about commitment?
When we have our life to live
Yeah, we're just young dumb and broke
But we still got love to give

While we're young, dumb, young, young, dumb and broke
Young, dumb, young, young, dumb and broke
Young, dumb, young, young, dumb and broke
Young, dumb, broke high school kids
Ya-da-da, da-da-da-da-da
Ya-da-da, da-da-da-da
Ya-da-da, da-da-da-da-da
Young, dumb, broke high school kids

Jump and we think, ""Leave it all in the game of love, love""
Run into sin, do it all in the name of fun, fun
Woah-oh-oh
I'm so high at the moment
I'm so caught up in this
Yeah, we're just young, dumb and broke
But we still got love to give

While we're young, dumb, young, young, dumb and broke
Young, dumb, young, young, dumb and broke
Young, dumb, young, young, dumb and broke
Young, dumb, broke high school kids
Ya-da-da, da-da-da-da-da
Ya-da-da, da-da-da-da
Ya-da-da, da-da-da-da-da
Young, dumb, broke high school kids
Ya-da-da, da-da-da-da-da
Ya-da-da, da-da-da-da
Ya-da-da, da-da-da-da-da
Young, dumb, broke high school kids",,https://genius.com/Khalid-young-dumb-and-broke-lyrics,,,dark,Spotify: 429 Client Error: Too Many Requests for url: https://api.spotify.com/v1/search?q=track%3AYoung+Dumb+%26+Broke+artist%3AKhalid&type=track&limit=5,genius,5Z3GHaZ6ec9bsiI5BenrbY,Young Dumb & Broke,Khalid,American Teen,0.394,0.539,136.949,0.798,0.199,1.66e-05,0.0421,0.165,1.0,1.0,kaggle
Calmô,Liniker e os Caramelows,"Pela manhã, quando você acorda
O teu sorriso tão ligeiro vem me despertar
Vagarosa, formosa menina
Tem calma, tem jeito, tem também
O coração tranquilo, o coração de alguém
De alguém
Pela manhã, quando você acorda
O teu sorriso tão ligeiro vem me despertar
Vagarosa, formosa menina
Tem calma, tem jeito, tem também
O coração tranquilo, o coração de alguém
De alguém
Na casa antiga tinha até montanhas
E nas ruas da cidade tinha gente ali
Caminhando juntas
Na casa antiga tinha até montanhas
E nas ruas da cidade tinha gente ali
Caminhando juntas
Por la mañana, cuando te despiertas
Tu sonrisa tan ligera viene a despertarme
Tranquila, bonita menina
Tem calma, tem jeito, tem também
O coração tranquilo, o coração de alguém
De alguém
Na casa antiga tinha até montanhas
E nas ruas da cidade tinha gente ali
Caminhando juntas
Na casa antiga tinha até montanhas
E nas ruas da cidade tinha gente ali
Caminhando juntas
Coloca calma, carinho, tempero, zen
Uma lambida nos zoinho é tão gostoso também
Também",,https://genius.com/Liniker-e-os-caramelows-calmo-lyrics,,,chill,Spotify: 429 Client Error: Too Many Requests for url: https://api.spotify.com/v1/search?q=track%3ACalm%C3%B4+artist%3ALiniker+e+os+Caramelows&type=track&limit=5,genius,2flDia8RwKyi1S1I1kTY7w,Calmô,Liniker e os Caramelows,Goela Abaixo,0.44,0.25,135.246,0.676,0.333,0.0154,0.0335,0.0634,6.0,1.0,kaggle
Super Bass,Nicki Minaj,"Yeah, yeah, yeah, hey

This one is for the boys with the boomin' system
Top down, AC with the cooler system
When he come up in the club, he be blazin' up
Got stacks on deck like he savin' up
And he ill, he real, he might gotta deal
He pop bottles and he got the right kind of build
He cold, he dope, he might sell coke
He always in the air, but he never fly coach
He a mothafuckin trip, trip, sailor of the ship, ship
When he make it drip, drip, kiss him on the lip, lip
That's the kinda dude I was lookin' for
And yes, you'll get slapped if you're lookin', ho

I said, excuse me, you're a hell of a guy
I mean, my, my, my, my, you're like pelican fly
I mean, you're so shy and I'm loving your tie
You're like slicker than the guy with the thing on his eye, oh
Yes, I did, yes, I did
Somebody please tell em who the F I is
I am Nicki Minaj, I mack them dudes up
Back coupes up and chuck the deuce up

Boy, you got my heartbeat runnin' away
Beatin' like a drum and it's comin' your way
Can't you hear that
Boom, badoom, boom, boom, badoom, boom, bass?
He got that super bass
Boom, badoom, boom, boom, badoom, boom, bass
Yeah, that's that super bass
Boom, boom, boom, badoom (Bass, bass)
Boom, boom, boom (Bass, yeah)
Boom, boom, boom, badoom (Bass, bass)
Boom, boom, boom (Bass)
Boom, badoom, boom, boom, badoom, boom, bass
He got that super bass
Boom, badoom, boom, boom, badoom, boom, bass
Yeah, that's that super bass (Yo, yo)

This one is for the boys in the polos
Entrepreneur niggas and the moguls
He could ball with the crew, he could solo
But I think I like him better when he dolo
And I think I like him better with the fitted cap on
He ain't even gotta try to put the mack on
He just gotta give me that look, when he give me that look
Then the panties comin' off, off, uh

Excuse me, you're a hell of a guy
You know, I really got a thing for American guys
I mean, sigh, sickenin' eyes
I can tell that you're in touch with your feminine side, uh
Yes, I did, yes, I did
Somebody please tell 'em who the F I is
I am Nicki Minaj, I mack them dudes up
Back coupes up and chuck the deuce up

Boy, you got my heartbeat runnin' away
Beatin' like a drum and it's comin' your way
Can't you hear that
Boom, badoom, boom, boom, badoom, boom, bass?
He got that super bass
Boom, badoom, boom, boom, badoom, boom, bass
Yeah, that's that super bass
Boom, boom, boom, badoom (Bass, bass)
Boom, boom, boom (Bass, yeah)
Boom, boom, boom, badoom (Bass, bass)
Boom, boom, boom (Bass)
Boom, badoom, boom, boom, badoom, boom, bass
He got that super bass
Boom, badoom, boom, boom, badoom, boom, bass
Yeah, that's that super bass (Yo, yo)

See, I need you in my life for me to stay
Know, know, know, know, know, I know you'll stay
No, no, no, no, no, don't go away, hey
Boy, you got my heartbeat runnin' away
Don't you hear that heartbeat comin' your way?
Oh, it be like
Boom, badoom, boom, boom, badoom, boom, bass
Can't you hear that
Boom, badoom, boom, boom, badoom, boom, bass?

Boy, you got my heartbeat runnin' away
Beatin' like a drum and it's comin' your way
Can't you hear that
Boom, badoom, boom, boom, badoom, boom, bass?
He got that super bass
Boom, badoom, boom, boom, badoom, boom, bass
Yeah, that's that super bass
Boom, boom, boom, badoom (Bass, bass)
Boom, boom, boom (Bass, yeah)
Boom, boom, boom, badoom (Bass, bass)
Boom, boom, boom (Bass)
Boom, badoom, boom, boom, badoom, boom, bass
He got that super bass
Boom, badoom, boom, boom, badoom, boom, bass
Yeah, that's that super bass (Yo, yo)",,https://genius.com/Nicki-minaj-super-bass-lyrics,,,energetic,Spotify: 429 Client Error: Too Many Requests for url: https://api.spotify.com/v1/search?q=track%3ASuper+Bass+artist%3ANicki+Minaj&type=track&limit=5,genius,0iYebKFUSfF72fUu2OW6ZT,Super Bass,Nicki Minaj,Pink Friday (Deluxe),0.669,0.861,126.991,0.72,0.269,5.11e-06,0.209,0.601,11.0,1.0,kaggle
Sorry,Justin Bieber,"You gotta go and get angry at all of my honesty
You know I try, but I don't do too well with apologies
I hope I don't run out of time, could someone call a referee?
'Cause I just need one more shot at forgiveness
I know you know that I made those mistakes maybe once or twice
And by once or twice, I mean maybe a couple of hundred times
So let me, oh, let me redeem, oh, redeem, oh, myself tonight
'Cause I just need one more shot at second chances

Yeah, is it too late now to say sorry?
'Cause I'm missing more than just your body
Oh, is it too late now to say sorry?
Yeah, I know that I let you down
Is it too late to say I'm sorry now?

I'm sorry, yeah
Sorry, yeah
Sorry
Yeah, I know that I let you down
Is it too late to say I'm sorry now?

I'll take every single piece of the blame if you want me to
But you know that there is no innocent one in this game for two
I'll go, I'll go and then you go, you go out and spill the truth
Can we both say the words and forget this?

Yeah, is it too late now to say sorry?
'Cause I'm missing more than just your body
Oh, is it too late now to say sorry?
Yeah, I know that I let you down
Is it too late to say I'm sorry now?
I'm not just tryna get you back on me (Oh, no, no)
'Cause I'm missing more than just your body (Your body)
Oh, is it too late now to say sorry?
Yeah, I know that I let you down
Is it too late to say I'm sorry now?

I'm sorry, yeah
Sorry, oh
Sorry
Yeah, I know that I let you down (I know I let you down)
Is it too late to say I'm sorry now?
I'm sorry, yeah
Sorry, oh
Sorry
Yeah, I know that I let you down (I know I let you down)
Is it too late to say I'm sorry now?",,https://genius.com/Justin-bieber-sorry-lyrics,,,aggressive,Spotify: 429 Client Error: Too Many Requests for url: https://api.spotify.com/v1/search?q=track%3ASorry+artist%3AJustin+Bieber&type=track&limit=5,genius,09CtPGIpYB4BrO8qb1RGsF,Sorry,Justin Bieber,Purpose (Deluxe),0.41,0.76,99.945,0.654,0.0797,0.0,0.045,0.299,0.0,0.0,kaggle
Novacane,Frank Ocean,"Uh-huh
Uh-huh
Uh-huh
Uh-huh

I think I started somethin'
I got what I wanted, did-didn't I?
Can't feel nothin', superhuman
Even when I'm fuckin', Viagra poppin'
Every single record, autotunin'
Zero emotion, muted emotion
Pitch-corrected, computed emotion, uh-huh
I blame it on the model broad with a Hollywood smile, ow
Stripper booty and a rack like ""wow""
Brain like Berkeley
Met her at Coachella
I went to see Jigga, she went to see Z-Trip, perfect
I took a seat on the ice-cold lawn
She handed me a ice-blue bong, whatever
She said she wanna be a dentist really badly
She's in school payin' for tuition, doin' porn in the Valley
At least you workin'

But, girl, I can't feel my face
What are we smokin', anyway?
She said, ""Don't let the high go to waste""
But can you taste, a little taste of

Novocaine, baby, baby
Novocaine, baby, I want you
Fuck me good, fuck me long, fuck me numb
Love me now, when I'm gone, love me none
Love me none, love me none
Numb, numb, numb, numb

Sink full of dishes, pacin' in the kitchen
Cocaine for breakfast, yikes
Bed full of women, flip on a tripod
Little red light on shootin'
I'm feelin' like Stanley Kubrick
This is some visionary shit
Been tryna film pleasure with my eyes wide shut
But it keeps on movin'
I blame it on the model broad with the Hollywood smile
Stripper booty with a rack like ""wow, how-how""
I'll never forget ya
You put me on a feelin' I never had
Never had, never had (Never)
And ever since, I've been tryna get it back
And pick it up, and put it back
Now I'm somethin' like the chemist on campus
But there's no drug around
Quite like what I found in you, you

I still can't feel my face (Oh)
What am I smokin', anyway? (Ah)
She said, ""Don't let the high go to waste"" (Oh)
But can you taste, a little taste of

Novocaine, baby, baby (Oh)
Novocaine, baby, I want you
Fuck me good, fuck me long, fuck me numb
Love me now, when I'm gone, love me none
Love me none, love me none
Numb, numb, numb, numb

Novocaine, Novocaine, Novocaine
Novocaine, Novocaine (Oh)
Numb the pain, numb the pain, numb the pain
Numb the pain, numb the pain (Ah, oh)
Novocaine, Novocaine, Novocaine (Ah)
Novocaine, Novocaine (Oh)
For the pain, for the pain (Oh, ooh-huh)
Novocaine, Novocaine
Oh-huh, oh-huh, oh-huh
Oh-huh, oh-huh, huh-huh-huh
Oh-huh, oh-huh, oh-huh
Oh-huh, oh-huh, huh-huh-huh

Pretty girls involved with me
Makin' pretty love to me, pretty
Pity, pity
All the pretty girls involved with me
Makin' pretty love to me, pretty
Pity, pity (Oh)
I can't feel a thing, I can't feel, can't feel a thing
I can't feel a thing, can't feel, feel, feel, feel her
I can't feel, feel her
Novocaine, Novocaine, Novocaine
I can't feel, feel her
Novocaine for the pain, for the pain
I can't, can't feel her
Feel her, feel her, oh
Novocaine, Novocaine, 'caine",,https://genius.com/Frank-ocean-novacane-lyrics,,,dark,Spotify: 429 Client Error: Too Many Requests for url: https://api.spotify.com/v1/search?q=track%3ANovacane+artist%3AFrank+Ocean&type=track&limit=5,genius,4osgfFTICMkcGbbigdsa53,Novacane,Frank Ocean,Novacane,0.37,0.508,93.51,0.762,0.0584,0.00126,0.0919,0.16,3.0,1.0,kaggle
Girl On Fire,Alicia Keys,"She's just a girl and she's on fire
Hotter than a fantasy
Lonely like a highway
She's livin' in a world and it's on fire
Filled with catastrophe
But she knows she can fly away

Oh-oh, she got both feet on the ground
And she's burnin' it down
Oh-oh, she got her head in the clouds
And she's not backin' down

This girl is on fire
This girl is on fire
She's walkin' on fire
This girl is on fire

Looks like a girl, but she's a flame
So bright, she can burn your eyes
Better look the other way
You can try, but you'll never forget her name
She's on top of the world
Hottest of the hottest girls, say

Oh-oh, we got our feet on the ground
And we're burnin' it down
Oh-oh, got our head in the clouds
And we're not comin' down

This girl is on fire (Fire, fire)
This girl is on fire
She's walkin' on fire (Fire, fire)
This girl is on fire

(Oh) Everybody stares as she goes by
'Cause they can see the flame that's in her eyes
Watch her when she's lightin' up the night
Nobody knows that she's a lonely girl
And it's a lonely world
But she gon' let it burn, baby, burn, baby

This girl is on fire (Fire, fire)
This girl is on fire
She's walkin' on fire (Fire, fire)
This girl is on fire

Oh-oh, oh, oh
Oh-oh, oh, oh
Oh-oh, oh, oh
Oh-oh, oh, oh

She's just a girl and she's on fire",,https://genius.com/Alicia-keys-girl-on-fire-lyrics,,,aggressive,Spotify: 429 Client Error: Too Many Requests for url: https://api.spotify.com/v1/search?q=track%3AGirl+On+Fire+artist%3AAlicia+Keys&type=track&limit=5,genius,4esOae7i4rqTbAu9o5Pxco,Girl On Fire,Alicia Keys,Girl on Fire (Remixes) - EP,0.144,0.706,92.494,0.482,0.135,0.00106,0.0609,0.105,9.0,1.0,kaggle
China,Anuel AA,"Honey came in and she caught me red-handed
Creeping with the girl next door
Mi mujer me estaba llamando (Woh, oh, oh)
Oh, oh, oh
D.Y
Dirili-Daddy
(Contigo perreando; Ozuna; ¡fuimo'!)

Mi mujer me estaba llamando
Pero yo no contesté (Uah, baby; 
sube
)
Porque yo estaba contigo perreando
Y de ella me olvidé (Mami)
Dios mío, perdóname
No sé por qué yo le fallé (Fallé; uah)
Yo estaba en la disco perreando
Y con ella me enredé (Woh, oh, oh; ¡fuego!; uah)

Yo estaba en la disco perreando (Oh, oh; hah, ¡prr!)
Yo estaba en la disco perreando (Eh, eh, eh; uah)
Yo estaba en la disco perreando (Uah, uah; eh-eh)
Yo estaba en la disco perreando

De la forma en que me miraba (Woh, oh, oh)
Podía notar que ella tenía lo que en la disco buscaba (Bailaba)
Quería que me bailara (Woh, oh)
Y el DJ que la música nunca me la bajara
Y se está prendí'a en fuego (Fuego)
Que no se enamora, ella está pa'l juego (Pa'l juego)
Anda sola, nunca le baja a su ego (A su ego)
Me provoca y facilito me le pego (Me le pego)
Y es que se está prendí'a en fuego (En fuego)
Que no se enamora, ella esta pa'l juego (Pa'l juego, oh)
Anda sola, nunca le baja a su ego (A su ego)
Me provoca y facilito me le pego y es que (Jaja)

Yo tengo un problema de alcohol
Yo no sé por qué soy así (Así, así)
Pa' mí que el doctor estaba bebiendo
El día que yo nací (Mami, mami)
Baby, pon la mano en el suelo (Suelo)
Y juégate con el pelo (El pelo)
Tu cuerpo es puro veneno (Veneno)
Bebé, tú me lleva' al cielo (Baby; ¡duro!)
Tú me dejaste caer, pero ella me levantó (Uah)
Déjame, poca mujer, pero ella me levantó (Oh, oh, oh)
Y yo me emborraché y de ti me olvidé, eh (Eh), eh (Eh)
Y tú pelea' una y otra ve', baby, ya me cansé, eh (Eh), eh (Eh)
(Fuego; ¡rumba!)

Mi mujer me estaba llamando
Pero yo no contesté (
Uah, baby
; 
sube
)
Porque yo estaba contigo perreando
Y de ella me olvidé (
Mami
)
Dios mío, perdóname
No sé por qué yo 
le fallé
 (
Fallé
)
Yo estaba en la disco perreando
Y con ella me enredé (Woh, oh, oh; ¡fuego!; uah)

Yo estaba en la disco perreando (Oh, oh; ¡prr!)
Yo estaba en la disco perreando (Eh, eh; eh, eh, eh)
Yo estaba en la disco perreando (Uah, uah; eh-eh)
Yo estaba en la disco perreando

(¡Da-ddy Yan-kee!)
Tú me ganaste
Me metiste en tu juego y me dañaste
El ticket semanal puede ser que en ti lo gaste
Me creo bichote tirando lo' peso' (-so')
Por 'tar ricota te doy pata' y queso
Sino peleemos, nunca regreso y por eso (¡Rrr!)
Yo me quiero ir pa' casa, pero tú no me dejas (Oh, oh, oh)
Ese culo e' una amenaza, ya me creo que ere' mi pareja (Let's go!)
Un shot (Ey), dos shot' (Ey), empezó el problema
Porque el alcohol se metió en mi sistema (Prr)
Quien vaya chotear ya lleva la querella
No me eche' la culpa, cúlpenla a ella (¡Fuego!)

Contigo me enredé (Me enredé)
Y con un par de tragos, baby, me solté (Me solté)
Me quedé contigo y no le contesté
No sé por qué fallé (Yeh, yeh)
Pero sí sé que rico la pasé (Ah)
Llegó la media noche (Noche)
Apena' empezaba el toque (Toque)
Es que mi novio me esperaba (Ah, ah)
Antes que fueran las doce (Doce)
Qué bien la pasamo' anoche (-noche)
Sé que fallé y que me perdone (Eh, eh)
Y si lo vuelvo a ver mañana (Ah)
Diré que no me conoce

J Balvin, man
Yo estaba en la disco perreando
Cuando con ella me envolví, sí (Wuh, wuh)
Mi mujer me estaba llamando
Y tuve que darle delete, y (Auch)
Y yo que no me dejo envolver (Wuh)
Villana, tú me hiciste caer
Ese booty que hasta un ciego puede ver
Y hasta el más santo quiere ser infiel (Leggo; yeh, yeh)

Cambiamos de escena (Ey)
De R.D. hasta Cartagena
Ere' la única que me llena
Si te cogió, pago mi condena, nena
Cambiamos de escena
De R.D. hasta Cartagena (Come on, come on)
Ere' la única que me llena (Leggo)
Si te cogió, pago mi condena, yeh (¡Fuimo'!)

Mi mujer me estaba llamando
Pero yo no contesté
 (
Uah, baby
; sube)
Porque yo estaba contigo perreando
Y de ella me olvidé (
Mami
)
Dios mío, perdóname
No sé por qué yo le falle
 (
Fallé; uah
)
Yo estaba en la disco perreando
Y con ella me enredé
(Woh, oh, oh; ¡fuego!; uah; bebecita, bebecita)

Yo estaba en la disco perreando (Oh, oh; hah, ¡prr!)
Yo estaba en la disco perreando (Eh, eh, eh; uah)
Yo estaba en la disco perreando
Yo estaba en la disco perreando",,https://genius.com/Anuel-aa-daddy-yankee-and-karol-g-china-lyrics,,,energetic,Spotify: 429 Client Error: Too Many Requests for url: https://api.spotify.com/v1/search?q=track%3AChina+artist%3AAnuel+AA&type=track&limit=5,genius,2ksOAxtIxY8yElEWw8RhgK,China,Anuel AA,China,0.609,0.808,105.027,0.786,0.0846,0.000289,0.0882,0.0822,7.0,1.0,kaggle
Blank Space,Taylor Swift,"Nice to meet you, where you been?
I could show you incredible things
Magic, madness, heaven, sin
Saw you there and I thought
""Oh, my God, look at that face
You look like my next mistake
Love's a game, wanna play?"" Ayy
New money, suit and tie
I can read you like a magazine
Ain't it funny? Rumors fly
And I know you heard about me
So, hey, let's be friends
I'm dying to see how this one ends
Grab your passport and my hand
I can make the bad guys good for a weekend

So it's gonna be forever
Or it's gonna go down in flames?
You can tell me when it's over, mm
If the high was worth the pain
Got a long list of ex-lovers
They'll tell you I'm insane
'Cause you know I love the players
And you love the game
'Cause we're young and we're reckless
We'll take this way too far
It'll leave you breathless, mm
Or with a nasty scar
Got a long list of ex-lovers
They'll tell you I'm insane
But I've got a blank space, baby
And I'll write your name

Cherry lips, crystal skies
I could show you incredible things
Stolen kisses, pretty lies
You're the king, baby, I'm your queen
Find out what you want
Be that girl for a month
Wait, the worst is yet to come, oh, no
Screaming, crying, perfect storms
I can make all the tables turn
Rose garden filled with thorns
Keep you second guessing, like
""Oh, my God, who is she?""
I get drunk on jealousy
But you'll come back each time you leave
'Cause, darling, I'm a nightmare dressed like a daydream

So it's gonna be forever
Or it's gonna go down in flames?
You can tell me when it's over, mm
If the high was worth the pain
Got a long list of ex-lovers
They'll tell you I'm insane
'Cause you know I love the players
And you love the game
'Cause we're young and we're reckless (Oh)
We'll take this way too far
It'll leave you breathless (Oh-oh), mm
Or with a nasty scar
Got a long list of ex-lovers
They'll tell you I'm insane (Insane)
But I've got a blank space, baby
And I'll write your name

Boys only want love if it's torture
Don't say I didn't, say I didn't warn ya
Boys only want love if it's torture
Don't say I didn't, say I didn't warn ya

So it's gonna be forever
Or it's gonna go down in flames?
You can tell me when it's over (Over), mm
If the high was worth the pain
Got a long list of ex-lovers
They'll tell you I'm insane (I'm insane)
'Cause you know I love the players
And you love the game (And you love the game)
'Cause we're young and we're reckless (Yeah)
We'll take this way too far (Ooh)
It'll leave you breathless, mm
Or with a nasty scar (With a nasty scar)
Got a long list of ex-lovers
They'll tell you I'm insane
But I've got a blank space, baby
And I'll write your name",,https://genius.com/Taylor-swift-blank-space-lyrics,,,uplifting,Spotify: 429 Client Error: Too Many Requests for url: https://api.spotify.com/v1/search?q=track%3ABlank+Space+artist%3ATaylor+Swift&type=track&limit=5,genius,1u8c2t2Cy7UBoG4ArRcF5g,Blank Space,Taylor Swift,1989 (Deluxe),0.57,0.703,95.997,0.76,0.103,0.0,0.054,0.0913,5.0,1.0,kaggle
Blinding Lights,The Weeknd,"Yeah

I've been tryna call
I've been on my own for long enough
Maybe you can show me how to love, maybe
I'm goin' through withdrawals
You don't even have to do too much
You can turn me on with just a touch, baby

I look around and
Sin City's cold and empty (Oh)
No one's around to judge me (Oh)
I can't see clearly when you're gone

I said, ooh, I'm blinded by the lights
No, I can't sleep until I feel your touch (Touch)
I said, ooh, I'm drowning in the night
Oh, when I'm like this, you're the one I trust
Hey, hey, hey

I'm running out of time
'Cause I can see the sun light up the sky
So I hit the road in overdrive, baby, oh

The city's cold and empty (Oh)
No one's around to judge me (Oh)
I can't see clearly when you're gone

And I said, ooh, I'm blinded by the lights
No, I can't sleep until I feel your touch (Touch)
I said, ooh, I'm drowning in the night
Oh, when I'm like this, you're the one I trust

I'm just coming back to let you know (Back to let you know)
I could never say it on the phone (Say it on the phone)
Will never let you go this time (Ooh)

I said, ooh, I'm blinded by the lights
No, I can't sleep until I feel your touch (Touch)
Hey, hey, hey
Hey, hey, hey

I said, ooh, I'm blinded by the lights
No, I can't sleep until I feel your touch",,https://genius.com/The-weeknd-blinding-lights-lyrics,,,aggressive,Spotify: 429 Client Error: Too Many Requests for url: https://api.spotify.com/v1/search?q=track%3ABlinding+Lights+artist%3AThe+Weeknd&type=track&limit=5,genius,0sf12qNH5qcw8qpgymFOqD,Blinding Lights,The Weeknd,Blinding Lights,0.345,0.796,171.017,0.513,0.00147,0.000209,0.0629,0.0938,1.0,1.0,kaggle
Otro Trago,Sech,"Sigue aquí tomándose otro trago
Su ex-novio con otra está (Ah-ah)
Los amigos subieron un estado (Ah-ah-ah, ah-ah)
Que hoy de farra se van
Te cambió aún siendo mejor que ella (No-no-no-no, no-oh-oh)
Por mujeres y un par de botellas (No-no-no-no, no-oh-oh)
Por amigos que no son amigos en verdá' (En verdá'; ice)
Porque sé que te van a escribir cuando él se va
(Everybody go to the discotek)

Y ahora a lo oscuro y sin disimulo (Eso e' así)
Olvidando la' pena' la pillé (Ah)
Ahora hace lo que quiere cuando quiere (Oh-oh)
Y si no quiere, eres otro que se jode también (Here we go again!)

Cuando el DJ pone la música (Eso e' así)
Ella baila como nunca (Pa' que sepa)
Y ahora a lo oscuro (Oh-oh), y sin disimulo (Oh-oh)
Olvidando la' pena' la pillé (¡Ra-ta-ta-tá!)
Cuando el DJ pone la música
Ella baila como nunca (The Real Rondón)
Ahora hace lo que quiere cuando quiere
Y si no quiere, eres otro que se jode también
(Woh, woh, stop that shit, nigga)

Ahora pa' ella los días son grise' (Eso e' así)
Porque su' mañana' no son felice' (¡Ah!)
Lo que eran beso', ahora son cicatrice' (Pa' que sepa)
Está soltera y pa' la calle dice (¡Ra-ta-ta-tá!)
Deja que yo te coja y te monte en la Mercede' roja (Eso e' así)
Voy a que eso abajo se te moja (Se te moja; ¡ah!)
Pa' que conmigo 'tés sonrojá' (Here we go again!)
Mientra' de to' lo malo te despoja
Hazle las maleti', que hace tiempo que se olvidó de ti (Eso e' así)
Yo quiero financiarte, ma', yo quiero darte el peti' (Oh-oh)
Tú 'tás linda con tu cuerpecito petite (¡Ah!)
Y esa barriguita con más cuadrito que Tetri'
Baby, what you look?
Mañana, desayunamo' Froot Loops (Oh my god!)
Yo voy a darte y eso lo' sabe' tú (¡Ah!)
Entramo' al cuarto, pero no apague' la lu'
Que yo vo'a castigarte e' por tu mala actitud (Hi, sweety; listen)

Cuando el DJ pone la música (Eso e' así)
Ella baila como nunca (Pa' que sepa)
Y ahora a lo oscuro (Oh-oh), y sin disimulo (Oh-oh)
Olvidando la' pena' la pillé
Cuando el DJ pone la música (¡Ra-ta-ta-tá!)
Ella baila como nunca (The Real Rondón)
Ahora hace lo que quiere cuando quiere
Y si no quiere, eres otro que se jode también

Cuando el DJ pone la música, música (-ca)
Ella se va hasta abajo con toda su gang (Woh, oh)
Ahora baila, fuma, toma sola
Llega a la casa y no le dicen na'
Qué vida, pa' que nunca se le acabe a ella ('Tá)
'Tá borracha, pero pide otra botella (Ah-ah-ah)
Es que a esa hora tiene la nota en alta
La felicidad en ella resalta

Y ahora a lo oscuro y sin disimulo (Eso e' así)
Olvidando la' pena' la pillé (Ah)
Ahora hace lo que quiere cuando quiere (Oh-oh)
Y si no quiere, eres otro que se jode también (Here we go again!)

Cuando el DJ pone la música (Eso e' así)
Ella baila como nunca (Pa' que sepa)
Y ahora a lo oscuro (Oh-oh), y sin disimulo (Oh-oh)
Olvidando la' pena' la pillé
Cuando el DJ pone la música (¡Ra-ta-ta-tá!)
Ella baila como nunca (The Real Rondón)
Ahora hace lo que quiere cuando quiere
Y si no quiere, eres otro que se jode también

The Real Rondón
Sech (Sech)
La verdadera vuelta, ¿oíste, baby?
Panamá and Puerto Rico
Dímelo Flow, -ow-ow-ow-ow
Stop that shit, nigga
Sech
Oye, baby, dile al noviecito tuyo
Que él e' el de la verdadera vuelta, sí, pero en el Uber",,https://genius.com/Sech-otro-trago-lyrics,,,uplifting,Spotify: 429 Client Error: Too Many Requests for url: https://api.spotify.com/v1/search?q=track%3AOtro+Trago+artist%3ASech&type=track&limit=5,genius,1Ej96GIBCTvgH7tNX1r3qr,Otro Trago,Sech,Sueños,0.62,0.7,176.036,0.747,0.136,0.000167,0.341,0.11,0.0,1.0,kaggle
La Cartera,Farruko,"Pásalo
Jamaica, Jamaica
Jamaica, Jamaica
Siempre que tú me ve' (Huh)
Ando con la combi entera (Ah-ah)
Ready pa' lo que sea, bebé (¡Blep!)

Baby, tú sabe' que yo
Ando siempre con la cartera-tera
Dale, prende otro blunt (Blunt)
Que el krippy ya está en la cartera-tera
Y si quiere' sentir presión (Yeh-eh)
La corta está en la cartera-tera
Baby, ya esto se jodió (Jodió)
Vamo' a guayar la noche entera-tera
Baby, tú sabe' que yo (Yo)
Siempre ando con la cartera-tera
Dale, prende otro blunt (Blunt)
Que hay krippy dentro 'e la cartera
Y si (Quiere' meter presión; yeh)
Pue', la herramienta está adentro 'e la cartera, beba
Ya esto se jodió (-dió)
Vamo' a guayar la noche entera-tera

(Yeh, yeh, yeh, yeh, yeh, yeh)
Saca, prende y sorprende
Dile a to' esta gente que pa' mí to' el año es 4/20
Las moña' violeta' y crujiente'
Enrola otro bate, que llegó Clemente
Y métele con candela, Bunny, métele con candela
El krippy 'tá en la cartera, billete' hasta en la suela, yeh
Baby, como la nota, trépate (Trépate)
Que ya yo me arrebaté, ¡yeh!
La cartera Gucci o Supreme
Cabrone' que me tiran y no tienen torque pa' subirse al ring
Hoy ando medio travieso
Tu mujer quiere de mi aderezo porque sabe que

Yo ando siempre con la cartera-tera
Dale, prende otro blunt (Blunt)
Que el krippy ya está en la cartera-tera
Y si quiere' sentir presión (Yeh-eh)
La corta está en la cartera-tera
Baby, ya esto se jodió (Jodió)
Vamo' a guayar la noche entera-tera
Baby, tú sabe' que yo (Yo)
Siempre ando con la cartera-tera
Dale, prende otro blunt (Blunt)
Que hay krippy dentro 'e la cartera
Y si (Quiere' meter presión; yeh-eh)
Pue', la herramienta está adentro 'e la cartera, beba
Ya esto se jodió (-dió)
Vamo' a guayar la noche entera-tera-tera

(Pri-yah-yah-yah-yah)
Y pasa la papa caliente (¡Pu!)
Si se apaga, otro se prende (¡Pu!)
Ya el arrebato se siente
Y el humo ya está en el ambiente (Pu-pum)
Hoy se quema, rasta gangalee, 4/20
Ando más azota'o que los timbale' 'e Tito Puente
Pri-yah-yah-yah, enrola aquí, prende el phillie
Que de aquí salgo en el Banshee bien vola'o haciendo wheelie'
Aquí la' moñas son verde' como el Wason & Harley
Y hoy vamo' a quemar to' el mundo a nombre de Bob Marley
La cartera es Louis y es 100% en piel
Y adentro tengo la' moña', la paca y las Cartier
Que tu gato lo coja suave y no se vaya a envolver
Que andamo' ready, no la dejamo' caer
(Yah-yah-yah-yah-yah)

Laramercy gang
Yah-yah-yah, ¡Farru!
Guayo-yeh, guayo-yeh
Lo' bluntes
Lo' gangsters que prendan lo' bluntes
Vamo' a quemar como se supone
Aquí to' el mundo va a quemar
Pri, yah-yah-yah
Y pa'l carajo la mente sana (Pu-pu-pu-pum)
Yo lo que quiero e' marihuana (Yah-yah-yah)
Y pa'l carajo la mente sana (Pu-pu-pu-pum)
Yo lo que quiero e' marihuana (Marihuana)
Bule mind selecta

Baby, tú sabe' que yo
Ando siempre con la cartera-tera
Dale, prende otro blunt (Blunt)
Que el krippy ya está en la cartera-tera
Y si quiere' sentir presión (Yeh-eh)
La corta está en la cartera-tera
Baby, ya esto se jodió (Jodió)
Vamo' a guayar la noche entera-tera
Baby, tú sabe' que yo (Yo)
Siempre ando con la cartera-tera
Dale, prende otro blunt (Blunt)
Que hay krippy dentro 'e la cartera
Y si (Quiere' meter presión; yeh-eh)
Pue', la herramienta está dentro 'e la cartera, beba
Ya esto se jodió (-dió)
Vamo' a guayar la noche entera-tera (-tera)

Pri-yah-yah-yah, ¡Farru!
(Yeh-yeh-yeh)
Lanzai Bad Bunny
Bad Bunny, baby, bebé
Dímelo Flow
Karloff
Sharo Towers
White Star
Pri-yah-yah-yah, ¡blep!
One blunt
Laramercy gang
(Four twenty, 420)
Rastafari
Gangalee
Gangalee
Jajajaja",,https://genius.com/Farruko-and-bad-bunny-la-cartera-lyrics,,,energetic,Spotify: 429 Client Error: Too Many Requests for url: https://api.spotify.com/v1/search?q=track%3ALa+Cartera+artist%3AFarruko&type=track&limit=5,genius,1g2Z2lOrwayOzDqOc8EfbR,La Cartera,Farruko,Gangalee,0.636,0.796,87.985,0.771,0.0385,9.35e-06,0.0798,0.218,10.0,0.0,kaggle
Someone You Loved,Lewis Capaldi,"I'm going under, and this time, I fear there's no one to save me
This all or nothing really got a way of driving me crazy
I need somebody to hear,  somebody to know
Somebody to have, somebody to hold
It's easy to say, but it's never the same
I guess I kinda liked the way you numbed all the pain

Now, the day bleeds into nightfall
And you're not here to get me through it all
I let my guard down and then you pulled the rug
I was getting kinda used to being someone you loved

I'm going under, and this time, I fear there's no one to turn to
This all-or-nothing way of loving got me sleeping without you
Now, I need somebody to know, somebody to hear
Somebody to have, just to know how it feels
It's easy to say, but it's never the same
I guess I kinda like the way you help me escape

Now, the day bleeds into nightfall
And you're not here to get me through it all
I let my guard down and then you pulled the rug
I was getting kinda used to being someone you loved

And I tend to close my eyes when it hurts sometimes
I fall into your arms
I'll be safe in your sound till I come back around

For now, the day bleeds into nightfall
And you're not here to get me through it all
I let my guard down and then you pulled the rug
I was getting kinda used to being someone you loved
But now the day bleeds into nightfall
And you're not here to get me through it all
I let my guard down and then you pulled the rug
I was getting kinda used to being someone you loved
I let my guard down and then you pulled the rug
I was getting kinda used to being someone you loved",,https://genius.com/Lewis-capaldi-someone-you-loved-lyrics,,,chill,Spotify: 429 Client Error: Too Many Requests for url: https://api.spotify.com/v1/search?q=track%3ASomeone+You+Loved+artist%3ALewis+Capaldi&type=track&limit=5,genius,7qEHsqek33rTcFNT9PFqLf,Someone You Loved,Lewis Capaldi,Divinely Uninspired To A Hellish Extent,0.446,0.405,109.891,0.501,0.751,0.0,0.0319,0.105,1.0,1.0,kaggle
Stitches,Shawn Mendes,"I thought that I'd been hurt before
But no one's ever left me quite this sore
Your words cut deeper than a knife
Now I need someone to breathe me back to life

Got a feeling that I'm goin' under
But I know that I'll make it out alive
If I quit calling you my lover
And move on

You watch me bleed until I can't breathe, shaking
Falling onto my knees
And now that I'm without your kisses
I'll be needin' stitches
Trippin' over myself, aching
Begging you to come help
And now that I'm without your kisses
I'll be needin' stitches

Just like a moth drawn to a flame
Oh, you lured me in, I couldn't sense the pain
Your bitter heart, cold to the touch
Now I'm gonna reap what I sow
I'm left seein' red on my own

Got a feeling that I'm goin' under
But I know that I'll make it out alive
If I quit calling you my lover
And move on

You watch me bleed until I can't breathe, shaking
Falling onto my knees
And now that I'm without your kisses
I'll be needin' stitches
Trippin' over myself, aching
Begging you to come help
And now that I'm without your kisses
I'll be needin' stitches

Needle and the thread, gotta get you outta my head
Needle and the thread, gonna wind up dead
Needle and the thread, gotta get you outta my head
Needle and the thread, gonna wind up dead (Gonna wind up dead)
Needle and the thread, gotta get you outta my head (Gotta get you outta my head)
Needle and the thread, gonna wind up dead (Wind up dead)
Needle and the thread, gotta get you outta my head
Get you outta my head

You watch me bleed until I can't breathe, shaking
Falling onto my knees (Falling onto my knees)
And now that I'm without your kisses (Without you)
I'll be needin' stitches (I'll be needin' stitches)
Trippin' over myself, aching
Begging you to come help (Begging, baby, please)
And now that I'm without your kisses (Without your kisses)
I'll be needin' stitches (And I'll be)

Now that I'm without your kisses
Yeah, I'll be needin' stitches (And I'll be)
And now that I'm without your kisses
Yeah, I'll be needin' stitches",,https://genius.com/Shawn-mendes-stitches-lyrics,,,uplifting,Spotify: 429 Client Error: Too Many Requests for url: https://api.spotify.com/v1/search?q=track%3AStitches+artist%3AShawn+Mendes&type=track&limit=5,genius,3zkWCteF82vJwv0hRLba76,Stitches,Shawn Mendes,Handwritten,0.764,0.754,149.882,0.746,0.0152,0.0,0.067,0.0486,1.0,1.0,kaggle
Believer,Imagine Dragons,"First things first, I'ma say all the words inside my head
I'm fired up and tired of the way that things have been, oh-ooh
The way that things have been, oh-ooh
Second things second, don't you tell me what you think that I could be
I'm the one at the sail, I'm the master of my sea, oh-ooh
The master of my sea, oh-ooh

I was broken from a young age, taking my sulkin' to the masses
Writing my poems for the few that look at me, took to me, shook at me, feelin' me
Singing from heartache from the pain, taking my message from the veins
Speaking my lesson from the brain, seeing the beauty through the

Pain! You made me a, you made me a believer, believer
Pain! You break me down, you build me up, believer, believer
Pain, oh, let the bullets fly, oh, let them rain
My life, my love, my drive, it came from
Pain! You made me a, you made me a believer, believer

Third things third, send a prayer to the ones up above
All the hate that you've heard has turned your spirit to a dove, oh-ooh
Your spirit up above, oh-ooh

I was chokin' in the crowd, building my rain up in the cloud
Falling like ashes to the ground, hoping my feelings, they would drown
But they never did, ever lived, ebbin' and flowin'
Inhibited, limited 'til it broke open and rained down
It rained down like

Pain! You made me a, you made me a believer, believer
Pain! You break me down, you build me up, believer, believer
Pain, oh, let the bullets fly, oh, let them rain
My life, my love, my drive, it came from
Pain! You made me a, you made me a believer, believer

Last things last, by the grace of the fire and the flames
You're the face of the future, the blood in my veins, oh-ooh
The blood in my veins, oh-ooh

But they never did, ever lived, ebbin' and flowin'
Inhibited, limited 'til it broke open and rained down
It rained down like

Pain! You made me a, you made me a believer, believer
Pain! You break me down, you build me up, believer, believer
Pain, oh, let the bullets fly, oh, let them rain
My life, my love, my drive, it came from
Pain! You made me a, you made me a believer, believer",,https://genius.com/Imagine-dragons-believer-lyrics,,,uplifting,Spotify: 429 Client Error: Too Many Requests for url: https://api.spotify.com/v1/search?q=track%3ABeliever+artist%3AImagine+Dragons&type=track&limit=5,genius,5VKSZDsidOFHrtlJb33Syo,Believer,Imagine Dragons,Evolve,0.722,0.78,124.953,0.784,0.0492,0.0,0.102,0.118,10.0,0.0,kaggle
Nota de Amor,Wisin,"W
(Oh, oh-oh, uoh-oh, oh)
Carlos Vives
(D.Y.)
Daddy-Daddy
Siriri Daddy-Daddy
Siriri Daddy-Daddy
Preciosa

Hoy te tengo que decir
Que el amor en ti encontré
Que eres tú la mujer que me hace feliz
Me cura el dolor, mi otra mitad
Es una adicción y yo quiero más (¡Suelta el ritmo!)

Vivo en la luna por ti
Vuelo sin alas por ti (¡Su-Sumba!)
No hay quien me quite esta nota
Que estoy sintiendo por ti (Woh-woh-woh-woh-woh)
Vivo en la luna por ti (Duro)
Siento mil cosas por ti (Hey)
No se me pasa esta nota (Una fiesta latina, que no pare el ritmo)
Que estoy sintiendo por ti (Woh-woh-woh-woh-woh)
Que estoy sintiendo por ti (Un junte inesperado; ¡ay ombe!)
Que estoy sintiendo por ti (Suéltalo; ¡Doble-Doble-Doble U!)

Mami, dame un poco (Heh)
De lo que tú tienes (Heh)
Mami, háblame claro (Heh)
Dime qué tú quieres (W)
Me da un beso, me sube los decibeles
Ella es mi súperheroe, tiene poderes
Mi súper estrella
Me da un beso y deja la huella
Desde ese día me muero por ella
Prepara la paella, abre la botella (Heh)
Dentro de la casa su brillo destella
La reina de mi castillo
Caminando por el pasillo
Con la ropa interior color amarillo
Ella se lo merece
En el bolsillo ya tengo el anillo (Es muy sencillo)
Si fallo, le pido perdón y me arrodillo
(Carlos Vives!)

Vivo en la luna por ti
Vuelo sin alas por ti (Come on!)
No hay quien me quite esta nota
Que estoy sintiendo por ti (Woh-woh-woh-woh-woh; Go)
Vivo en la luna por ti (Duro)
Siento mil cosas por ti (Hey)
No se me pasa esta nota
Que estoy sintiendo por ti (Woh-woh-woh-woh; es contigo)
Que estoy sintiendo por ti (Oh, oh-oh, uoh-oh, oh; usted es la jefa)
(Señores, Daddy Yankee; oye)

Tú haces que yo me enamore
Que olvide las otras flore'
Que tengo de mil colore'
Ninguna florece como tú, ay, ma'
Voy solo, pero con todo (Go)
No te me escapas ni aunque este mundo se acabe (-cabe)
Y cada beso en mi memoria que se grabe (Grabe)
Pa' conocer cosas de ti, que nadie sabe
Somos loco' (Heh)
A que no te atreve' (¿Qué?)
A hacer conmigo todo lo que dice que no debes (Heh)
Lo que tengo es una nota, que hace que me eleve (Heh)
Oh-oh-oh, que me durará forever (Daddy Yankee)
Trato de cerrar un trato (Yep)
¿Dónde pongo la firma para sellar el contrato? (Sí)
Porque ni los diamantes, pulsera', lo que pesa mi chequera
Vale más que bailar contigo un vallenato (Wuh-uh-uh)
Tu boca me intoxi'
No tuve que buscar a la proxi'
Supiste noquearme sin el boxing (Ajá)
Avanza, dame la cura para caer en tu sobredosi'
Rápido ma', que siguiri Daddy Yankee 'tá pa' ti, oh sí

Hoy te tengo que decir
Que el amor en ti encontré
Que eres tú la mujer, que me hace feliz
Me cura el dolor, mi otra mitad
Es una adicción y yo quiero más (¡Suelta el ritmo!)

Vivo en la luna por ti
Vuelo sin alas por ti
No hay quien me quite esta nota
Que estoy sintiendo por ti (Woh-woh-woh-woh-woh)
Vivo en la luna por ti (Duro)
Siento mil cosas por ti (Hey)
No se me pasa esta nota (Una fiesta latina, que no pare el ritmo)
Que estoy sintiendo por ti (Woh-woh-woh-woh-woh)
Que estoy sintiendo por ti (Oh, oh-oh, uoh-oh, oh; junte inesperado)
Que estoy sintiendo por ti",,https://genius.com/Wisin-nota-de-amor-lyrics,,,energetic,Spotify: 429 Client Error: Too Many Requests for url: https://api.spotify.com/v1/search?q=track%3ANota+de+Amor+artist%3AWisin&type=track&limit=5,genius,4YW2Fr25fHwUt6qgvM1iE1,Nota de Amor,Wisin,Los Vaqueros: La Trilogía,0.602,0.929,97.99,0.806,0.263,0.0,0.121,0.0622,10.0,1.0,kaggle
Location,Khalid,"Send me your location, let's
Focus on communicating
'Cause I just need the time and place to come through (Place to come through)
Send me your location
Let's ride the vibrations
I don't need nothing else but you
(Do not need nothing else but you)

At times I wonder why I fool with you
But this is new to me, this is new to you
Initially, I didn't wanna fall for you
Gather my attention it was all for you, so don't
Take advantage, don't leave my heart damaged
I understand that things go a little bit better when you plan it oh, so won't you

Send me your location, let's
Focus on communicating
'Cause I just need the time and place to come through
Send me your location
Let's ride the vibrations
I don't need nothing else but you
(I don't need nothing else but you)

I don't wanna fall in love off of subtweets, so
Let's get personal
I got a lot of cool spots that we can go
Tell me what's the move and I got you
I'm only acting like this 'cause I like you
Just give me the vibe to slide in
Oh, I might make you mine by the night, and

Send me your location, let's
Focus on communicating
'Cause I just need the time and place to come through (Place to come through)
Send me your location
Let's ride the vibrations
I don't need nothing else but you
(I don't need nothing else but you)

Ride, ride, ride, come and vibe with me tonight
I don't need nothing else but you
(I don't need nothing else but you)
Ride, ride, ride, come and vibe with me tonight
I don't need nothing else but you
Nothing else but you
Do, do, do, do, do, do
Oh, oh, mmm, mmm, mmm, mmm
Oh, oh, oh
Oh, oh, oh, mmm, mmm, mmm
Do, do, do, do, do, do, do, do
Do, do, do, do, do, do, do
I don't need nothing else but you",,https://genius.com/Khalid-location-lyrics,,,melancholic,Spotify: 429 Client Error: Too Many Requests for url: https://api.spotify.com/v1/search?q=track%3ALocation+artist%3AKhalid&type=track&limit=5,genius,1WIfWj5skn5UUZTs4cEFBe,Location,Khalid,Location,0.311,0.436,80.028,0.799,0.283,0.000105,0.379,0.0968,1.0,0.0,kaggle
Dance Monkey,Tones and I,"They say, ""Oh my god, I see the way you shine
Take your hands, my dear, and place them both in mine""
You know you stopped me dead while I was passing by
And now I beg to see you dance just one more time

Ooh, I see you, see you, see you every time
And oh my, I, I, I like your style
You, you make me, make me, make me wanna cry
And now I beg to see you dance just one more time

So they say
""Dance for me, dance for me, dance for me, oh-oh-oh
I've never seen anybody do the things you do before""
They say
""Move for me, move for me, move for me, eh-eh-eh
And when you’re done, I'll make you do it all again""

I said, ""Oh my god, I see you walking by
Take my hands, my dear, and look me in my eyes""
Just like a monkey, I've been dancin’ my whole life
But you just beg to see me dance just one more time

Ooh, I see you, see you, see you every time
And oh my, I, I, I like your style
You, you make me, make me, make me wanna cry
And now I beg to see you dance just one more time

So they say
""Dance for me, dance for me, dance for me, oh-oh-oh
I've never seen anybody do the things you do before""
They say
""Move for me, move for me, move for me, eh-eh-eh
And when you're done, I'll make you do it all again""
They say
""Dance for me, dance for me, dance for me, oh-oh-oh, oh-oh, oh-oh
I've never seen anybody do the things you do before""
They say
""Move for me, move for me, move for me, eh-eh-eh
And when you're done, I'll make you do it all again""

Ooh, ooh, ooh, ooh, ooh
Oh-oh, oh-oh, oh
Ooh, ooh, ooh, ooh, ooh-ooh
Ooh, ah-ah, ah-ah

They say
""Dance for me, dance for me, dance for me, oh-oh-oh
I've never seen anybody do the things you do before""
They say
""Move for me, move for me, move for me, eh-eh-eh
And when you’re done, I’ll make you do it all again""
They say
""Dance for me, dance for me, dance for me, oh-oh-oh, oh-oh, oh-oh
I've never seen anybody do the things you do before""
They say
""Move for me, move for me, move for me, eh-eh-eh
And when you’re done, I'll make you do it all again
All again""",,https://genius.com/Tones-and-i-dance-monkey-lyrics,,,uplifting,Spotify: 429 Client Error: Too Many Requests for url: https://api.spotify.com/v1/search?q=track%3ADance+Monkey+artist%3ATones+and+I&type=track&limit=5,genius,5ZULALImTm80tzUbYQYM9d,Dance Monkey,Tones and I,The Kids Are Coming,0.513,0.588,98.027,0.824,0.692,0.000104,0.0924,0.149,6.0,0.0,kaggle
Without Me,Eminem,"Obie Trice, real name, no gimmicks
Re—
Two trailer-park girls go round the outside
Round the outside, round the outside
Two trailer-park girls go round the outside
Round the outside, round the outside
Woo (
Ooh
)
Guess who's back, back again?
Shady's back, tell a friend
Guess who's back, guess who's back
Guess who's back, guess who's back
Guess who's back, guess who's back
Guess who's back
(Na-na-na, na, na, na, na, na, na)
(Na-na-na, na, na, na, na)

I've created a monster
'Cause nobody wants to see Marshall no more
They want Shady, I'm chopped liver
Well, if you want Shady, this is what I'll give ya
A little bit of weed mixed with some hard liquor
Some vodka that'll jump-start my heart quicker
Than a shock when I get shocked at the hospital
By the doctor when I'm not cooperating
When I'm rockin' the table while he's operating (Hey)
You waited this long, now stop debating
'Cause I'm back, I'm on the rag and ovulating
I know that you got a job, Ms. Cheney
But your husband's heart problem's complicating
So the FCC won't let me be
Or let me be me, so let me see
They tried to shut me down on MTV
But it feels so empty without me
So come on and dip, bum on your lips
Fuck that, cum on your lips and some on your tits
And get ready, 'cause this shit's about to get heavy
I just settled all my lawsuits (Fuck you, Debbie)

Now, this looks like a job for me
So, everybody, just follow me
'Cause we need a little controversy
'Cause it feels so empty without me
I said this looks like a job for me
So, everybody, just follow me
'Cause we need a little controversy
'Cause it feels so empty without me

Little hellions, kids feelin' rebellious
Embarrassed, their parents still listen to Elvis
They start feelin' like prisoners, helpless
'Til someone comes along on a mission and yells, ""Bitch""
A visionary, vision is scary
Could start a revolution, pollutin' the airwaves
A rebel, so just let me revel and bask
In the fact that I got everyone kissin' my ass
And it's a disaster, such a catastrophe
For you to see so damn much of my ass, you asked for me?
Well, I'm back, da-na-na-na, na-na-na-na-na-na
Fix your bent antenna, tune it in, and then I'm gonna
Enter in and up under your skin like a splinter
The center of attention, back for the winter
I'm interesting, the best thing since wrestling
Infesting in your kid's ears and nesting
Testing, ""Attention, please""
Feel the tension soon as someone mentions me
Here's my ten cents, my two cents is free
A nuisance, who sent? You sent for me?

Now, this looks like a job for me
So, everybody, just follow me
'Cause we need a little controversy
'Cause it feels so empty without me
I said this looks like a job for me
So, everybody, just follow me
'Cause we need a little controversy
'Cause it feels so empty without me

A tisket, a tasket, I'll go tit-for-tat wit'
Anybody who's talkin', ""This shit, that shit""
Chris Kirkpatrick, you can get your ass kicked
Worse than them little Limp Bizkit bastards
And Moby? You can get stomped by Obie
You thirty-six-year-old bald-headed fag, blow me
You don't know me, you're too old, let go
It's over, nobody listens to techno
Now, let's go, just give me the signal
I'll be there with a whole list full of new insults
I've been dope, suspenseful with a pencil
Ever since Prince turned himself into a symbol
But sometimes, the shit just seems
Everybody only wants to discuss me
So this must mean I'm disgusting
But it's just me, I'm just obscene (Yeah)
Though I'm not the first king of controversy
I am the worst thing since Elvis Presley
To do Black music so selfishly
And use it to get myself wealthy (Hey)
There's a concept that works
Twenty million other white rappers emerge
But no matter how many fish in the sea
It'd be so empty without me

Now, this looks like a job for me
So, everybody, just follow me
'Cause we need a little controversy
'Cause it feels so empty without me
I said this looks like a job for me
So, everybody, just follow me
'Cause we need a little controversy
'Cause it feels so empty without me

Hum-dei-dei-la-la
La-la-la-la-la
La-la-la-la-la
La-la-la-la
Hum-dei-dei-la-la
La-la-la-la-la
La-la-la-la-la
La-la-la-la
Kids",,https://genius.com/Eminem-without-me-lyrics,,,uplifting,Spotify: 429 Client Error: Too Many Requests for url: https://api.spotify.com/v1/search?q=track%3AWithout+Me+artist%3AEminem&type=track&limit=5,genius,5pBvNeOAJ54zgd5lEOmM3b,Without Me,Eminem,Curtain Call (Deluxe),0.659,0.657,112.23,0.919,0.00293,0.0,0.0907,0.356,7.0,1.0,kaggle
Todos Me Miran,Gloria Trevi,"Tú me hiciste sentir que no valía
Y mis lágrimas cayeron a tus pies
Me miraba en el espejo y no me hallaba
Yo era solo lo que tú querías ver

Y me solté el cabello, me vestí de reina
Me puse tacones, me pinté y era bella
Y caminé hacia la puerta, te escuché gritarme
Pero tus cadenas ya no pueden pararme
Y miré la noche y ya no era oscura
Era de lentejuelas

Y todos me miran, me miran, me miran
Porque sé que soy fina, porque todos me admiran
Y todos me miran, me miran, me miran
Porque hago lo que pocos se atreverán
Y todos me miran, me miran, me miran
Algunos con envidia, pero al final
Pero al final, pero al final, todos me amarán

Tú me hiciste sentir que no valía
Y mis lágrimas cayeron a tus pies
Me miraba en el espejo y no me hallaba
Yo era solo lo que tú querías ver

Y me solté el cabello, me vestí de reina
Me puse tacones, me pinté y era bella
Y caminé hacia la puerta, te escuché gritarme
Pero tus cadenas ya no pueden pararme
Y miré la noche y ya no era oscura
Era de lentejuelas

Y todos me miran, me miran, me miran
Porque sé que soy fina, porque todos me admiran
Y todos me miran, me miran, me miran
Porque hago lo que pocos se atreverán
Y todos me miran, me miran, me miran
Algunos con envidia, pero al final
Pero al final, pero al final, todos me amarán

Y me solté el cabello, me vestí de reina
Me puse tacones, me pinté y era bella
Y caminé hacia la puerta, te escuché gritarme
Pero tus cadenas ya no pueden pararme
Y miré la noche y ya no era oscura
Era de lentejuelas",,https://genius.com/Gloria-trevi-todos-me-miran-lyrics,,,energetic,Spotify: 429 Client Error: Too Many Requests for url: https://api.spotify.com/v1/search?q=track%3ATodos+Me+Miran+artist%3AGloria+Trevi&type=track&limit=5,genius,7vxijmF9ZlUiBDP48NO3rY,Todos Me Miran,Gloria Trevi,Una Rosa Blu (Deluxe Edition),0.747,0.877,125.042,0.673,0.0114,0.0,0.148,0.054,3.0,0.0,kaggle
U Got It Bad,USHER,"Ooh-oh
No, no, no, no
No, no, no, no, no, no, no
No-ooh

When you feel it in your body, you found somebody who
Makes you change your ways like hanging with your crew
Said you act like you ready, but you don't really know
And everything in your past, you wanna let it go

I've been there, done it, humped around, ha
After all that, this is what I found
Nobody wants to be alone
If you're touched by the words in this song
Then maybe...

(You) You got it, you got it bad
When you're on the phone (Oh, yeah), hang up and you call right back
(Oh, you) You got it, you got it bad
If you miss a day without your friend, your whole life's off-track
Know you got it bad when you're stuck in the house
You don't wanna have fun, it's all you think about
You got it bad when you're out with someone
But you keep on thinking 'bout somebody else
You got it bad

When you say that you love 'em and you really know
Everything that used to matter don't matter no more
Like my money, all my cars (You can have it all and)
Flowers, cards and candy (I do it just 'cause I'm)
Said I'm fortunate to have you, girl
I want you to know, I really adore you
All my people who know what's going on
Look at your mate, help me sing my song
Tell her, ""I'm your man, you're my girl
I'm gonna tell it to the whole wide world""
Ladies, say, ""I'm your girl, you're my man
Promise to love you the best I can""

See, I've been there, done it, humped around
After all that, this is what I found
Everyone of y'all are just like me
It's too bad that you can't see
That you got it bad

You got it, you got it bad (Hey, hey, no, no)
When you're on the phone, hang up and you call right back
You got it, ha, you got it bad
If you miss a day without your friend, your whole life's off track (Yeah)
Know you got it bad when you're stuck in the house (Oh, you're stuck)
You don't wanna have fun, it's all you think about (Look at yourself)
You got it bad when you're out with someone
But you keep on thinking 'bout somebody else (Somebody)
You got it bad


You got it, you got it bad
When you're on the phone, hang up and you call right back
You got it, you got it bad
If you miss a day without your friend, your whole life's off track
Know you got it bad when you're stuck in the house
You don't wanna have fun, it's all you think about
You got it bad when you're out with someone
But you keep on thinking 'bout somebody else",,https://genius.com/Usher-u-got-it-bad-lyrics,,,romantic,Spotify: 429 Client Error: Too Many Requests for url: https://api.spotify.com/v1/search?q=track%3AU+Got+It+Bad+artist%3AUSHER&type=track&limit=5,genius,7J41dYQolQJEtj3UmKLu5r,U Got It Bad,Usher,8701,0.649,0.5,124.037,0.816,0.0227,1.53e-06,0.03,0.0733,1.0,1.0,kaggle
Too Good at Goodbyes,Sam Smith,"You must think that I'm stupid
You must think that I'm a fool
You must think that I'm new to this
But I have seen this all before

I'm never gonna let you close to me
Even though you mean the most to me
'Cause every time I open up, it hurts
So I'm never gonna get too close to you
Even when I mean the most to you
In case you go and leave me in the dirt

But every time you hurt me, the less that I cry
And every time you leave me, the quicker these tears dry
And every time you walk out, the less I love you
Baby, we don't stand a chance, it's sad, but it's true
I'm way too good at goodbyes (I'm way too good at goodbyes)
I'm way too good at goodbyes (I'm way too good at goodbyes)

I know you're thinkin' I'm heartless
I know you're thinkin' I'm cold
I'm just protectin' my innocence
I'm just protectin' my soul

I'm never gonna let you close to me
Even though you mean the most to me
'Cause every time I open up, it hurts
So I'm never gonna get too close to you
Even when I mean the most to you
In case you go and leave me in the dirt

But every time you hurt me, the less that I cry
And every time you leave me, the quicker these tears dry
And every time you walk out, the less l love you
Baby, we don't stand a chance, it's sad, but it's true
I'm way too good at goodbyes (I'm way too good at goodbyes)
I'm way too good at goodbyes (I'm way too good at goodbyes)
No way that you'll see me cry (No way that you'll see me cry)
I'm way too good at goodbyes (I'm way too good at goodbyes), no

No, no, no, no, no (I'm way too good at goodbyes)
No, no, no, no
No, no, no (I'm way too good at goodbyes)
(No way that you'll see me cry)
Ah-ah, ah-ah (I'm way too good at goodbyes)

'Cause every time you hurt me, the less that I cry
And every time you leave me, the quicker these tears dry
And every time you walk out, the less I love you
Baby, we don't stand a chance, it's sad, but it's true
I'm way too good at goodbyes",,https://genius.com/Sam-smith-too-good-at-goodbyes-lyrics,,,chill,Spotify: 429 Client Error: Too Many Requests for url: https://api.spotify.com/v1/search?q=track%3AToo+Good+at+Goodbyes+artist%3ASam+Smith&type=track&limit=5,genius,3VlbOrM6nYPprVvzBZllE5,Too Good At Goodbyes,Sam Smith,The Thrill Of It All (Special Edition),0.476,0.372,91.873,0.681,0.64,0.0,0.0432,0.169,5.0,1.0,kaggle
SICKO MODE,Travis Scott,"Astro, yeah

Sun is down, freezin' cold
That's how we already know, winter's here
My dog would probably do it for a Louis belt
That's just all he know, he don't know nothin' else
I tried to show 'em, yeah
I tried to show 'em, yeah, yeah
Yeah, yeah, yeah
Goin' on you with the pick and roll
Young La Flame, he in sicko mode


(Woo) Made this here with all the ice on in the booth
At the gate outside, when they pull up, they get me loose
Yeah, Jump Out boys, that's Nike boys, hoppin' out coupes
This shit way too big, when we pull up, give me the loot (
Gimme the loot!
)
Was off the Remy, had a Papoose
Had to hit my old town to duck the news
Two-four hour lockdown, we made no moves
Now it's 4 a.m. and I'm back up poppin' with the crew
I just landed in, Chase B mixes pop like Jamba Juice
Different colored chains, think my jeweler really sellin' fruits
And they chokin', man, know the crackers wish it was a noose

Some-some-some-someone said
To win the retreat, we all in too deep
Play-play-playin' for keeps, don't play us for weak (
Someone said
)
To win the retreat, we all in too deep
Play-play-playin' for keeps, don't play us for weak

Yeah, this shit way too formal, y'all know I don't follow suit
Stacey Dash, most of these girls ain't got a clue
All of these hoes I made off records I produced
I might take all my exes and put 'em all in a group
Hit my eses, I need the bootch
'Bout to turn this function to Bonnaroo
Told her, ""Hop in, you comin' too""
In the 305, bitches treat me like I'm Uncle Luke
(
Don't stop, pop that pussy!
)
Had to slop the top off, it's just a roof, uh
She said, ""Where we goin'?"" I said, ""The moon""
We ain't even make it to the room
She thought it was the ocean, it's just the pool
Now I got her open, it's just the Goose
Who put this shit together? I'm the glue

Someone said
Shorty FaceTimed me out the blue
Someone said
Play-playin' for keeps
Someone said, mother****, someone said
Don't play us for weak


Yeah
Astro, yeah, yeah
(
Tay Keith, fuck these niggas up
)
Ayy, ayy

She's in love with who I am
Back in high school, I used to bus it to the dance (
Yeah
)
Now I hit the FBO with duffels in my hands
I did half a Xan, thirteen hours 'til I land
Had me out like a light, ayy, yeah
Like a light, ayy, yeah

Like a light, ayy, slept through the flight, ayy
Knocked for the night, ayy
767, man, this shit got double bedroom, man
I still got scores to settle, man
I crept down the block (Down the block)
Made a right (Yeah, right)
Cut the lights (Yeah, what?), paid the price (Yeah)
Niggas think it's sweet (Nah, never), it's on sight (Yeah, what?)
Nothin' nice (Yeah), baguettes in my ice (Aw, man)
Jesus Christ (Yeah), checks over stripes (Yeah)
That's what I like (
Yeah
), that's what we like (
Yeah
)
Lost my respect, you not a threat
When I shoot my shot, that shit wetty like I'm Sheck (
Bitch
)
See the shots that I took (Ayy), wet like I'm Book (Ayy)
Wet like I'm Lizzie
I be spinnin' Valley, circle blocks 'til I'm dizzy (Yeah, what?)
Like where is he? (Yeah, what?)
No one seen him (Yeah, yeah)
I'm tryna clean 'em (Yeah)

She's in love with who I am
Back in high school, I used to bus it to the dance
Now I hit the FBO with duffels in my hands (
Woo
)
I did half a Xan, thirteen hours 'til I land
Had me out like a light (
Like a light
)
Like a light (
Like a light
)
Like a light (
Like a light
)
Like a light

Yeah, passed the dogs a celly
Sendin' texts, ain't sendin' kites, yeah
He said, ""Keep that on lock""
I say, ""You know this shit, it's stife,"" yeah
It's absolute, yeah (Yeah), I'm back, reboot (It's lit)
LaFerrari to Jamba Juice, yeah (Skrrt, skrrt)
We back on the road, they jumpin' off, no parachute, yeah
Shorty in the back
She said she workin' on her glutes, yeah (Oh my God)
Ain't by the book, yeah, this how it look, yeah
'Bout a check, yeah (Check), just check the foots, yeah
Pass this to my daughter, I'ma show her what it took (Yeah)
Baby mama cover 
Forbes
, got these other bitches shook
Yeah",,https://genius.com/Travis-scott-sicko-mode-lyrics,,,aggressive,Spotify: 429 Client Error: Too Many Requests for url: https://api.spotify.com/v1/search?q=track%3ASICKO+MODE+artist%3ATravis+Scott&type=track&limit=5,genius,2xLMifQCjDGFmkHkpNLD9h,SICKO MODE,Travis Scott,ASTROWORLD,0.446,0.73,155.008,0.834,0.00513,0.0,0.222,0.124,8.0,1.0,kaggle
Chandelier,Sia,"Party girls don't get hurt
Can't feel anythin', when will I learn?
I push it down, I push it down
I'm the one for a good time call
Phone's blowin' up, ringin' my doorbell
I feel the love, I feel the love

One, two, three, one, two, three, drink
One, two, three, one, two, three, drink
One, two, three, one, two, three, drink
Throw 'em back 'til I lose count

I'm gonna swing from the chandelier
From the chandelier
I'm gonna live like tomorrow doesn't exist
Like it doesn't exist
I'm gonna fly like a bird through the night
Feel my tears as they dry
I'm gonna swing from the chandelier
From the chandelier

But I'm holdin' on for dear life
Won't look down, won't open my eyes
Keep my glass full until mornin' light
'Cause I'm just holdin' on for tonight
Help me, I'm holdin' on for dear life
Won't look down, won't open my eyes
Keep my glass full until mornin' light
'Cause I'm just holdin' on for tonight, on for tonight

Sun is up, I'm a mess
Gotta get out now, gotta run from this
Here comes the shame, here comes the shame
(Ah)

One, two, three, one, two, three, drink
One, two, three, one, two, three, drink
One, two, three, one, two, three, drink
Throw 'em back 'til I lose count

I'm gonna swing from the chandelier
From the chandelier
I'm gonna live like tomorrow doesn't exist
Like it doesn't exist
I'm gonna fly like a bird through the night
Feel my tears as they dry
I'm gonna swing from the chandelier
From the chandelier

But I'm holdin' on for dear life
Won't look down, won't open my eyes
Keep my glass full until mornin' light
'Cause I'm just holdin' on for tonight
Help me, I'm holdin' on for dear life
Won't look down, won't open my eyes
Keep my glass full until mornin' light
'Cause I'm just holdin' on for tonight, on for tonight

On for tonight
'Cause I'm just holdin' on for tonight
Oh, I'm just holdin' on for tonight
On for tonight, on for tonight
'Cause I'm just holdin' on for tonight
'Cause I'm just holdin' on for tonight
Oh, I'm just holdin' on for tonight
On for tonight, on for tonight",,https://genius.com/Sia-chandelier-lyrics,,,energetic,Spotify: 429 Client Error: Too Many Requests for url: https://api.spotify.com/v1/search?q=track%3AChandelier+artist%3ASia&type=track&limit=5,genius,4VrWlk8IQxevMvERoX08iC,Chandelier,Sia,1000 Forms Of Fear,0.572,0.787,117.089,0.399,0.0197,6.07e-05,0.0499,0.0685,1.0,1.0,kaggle
Pink + White,Frank Ocean,"Yeah, yeah, oh (Woo)
Yeah, yeah, yeah

That's the way every day goes
Every time we've no control
If the sky is pink and white
If the ground is black and yellow
It's the same way you showed me
Nod my head, don't close my eyes
Halfway on a slow move
It's the same way you showed me
If you could fly, then you'd feel south
Up north's getting cold soon
The way it is, we're on land
So I'm someone to hold true
Keep you cool when it's still alive
Won't let you down when it's all ruin
Just the same way you showed me, showed me

You showed me love
Glory from above
Regard, my dear
It's all downhill from here

In the wake of a hurricane
Dark skin of a summer shade
Nosedive in the flood lines
Tall tower of milk crates
It's the same way you showed me
Cannonball off the porch side
Older kids trying off the roof
Just the same way you showed me (You showed)
If you could die and come back to life
Up for air from the swimming pool
You'd kneel down to the dry land
Kiss the earth that birthed you
Gave you tools just to stay alive
And make it out when the sun is ruined
That's the same way you showed me, showed me
[Chorus: Frank Ocean, 
Frank Ocean & 
Beyoncé
]
You showed me love (
Ah
)
Glory from above
Regard, my dear
 (
Ah
)
It's all downhill from here

Remember life, remember how it was? (
Ah
)
Climb trees, Michael Jackson, all ends here (
Recalling
)
Say what up to Matthew, to Shoob (
Ooh
)
Say what up to Danny
Say what up to life, immortality (
Ah
, yeah)
Bending up my Nikes
Running out of the Melpomene, nicotine (
Ah
, yeah)
Stealing granny cigs (
Take it easy
)
Gimme something sweet
Bitch, I might like immortality (Woo)
This is life, life immortality",,https://genius.com/Frank-ocean-pink-white-lyrics,,,romantic,Spotify: 429 Client Error: Too Many Requests for url: https://api.spotify.com/v1/search?q=track%3APink+%2B+White+artist%3AFrank+Ocean&type=track&limit=5,genius,3xKsf9qdS1CyvXSMEid6g8,Pink + White,Frank Ocean,Blonde,0.554,0.552,159.738,0.544,0.67,4.57e-05,0.0991,0.415,9.0,1.0,kaggle
Starboy,The Weeknd,"Ayy

I'm tryna put you in the worst mood, ah
P1 cleaner than your church shoes, ah
Milli point two just to hurt you, ah
All red Lamb' just to tease you, ah
None of these toys on lease too, ah
Made your whole year in a week too, yah
Main bitch outta your league too, ah
Side bitch outta your league too, ah

House so empty, need a centerpiece
Twenty racks a table, cut from ebony
Cut that ivory into skinny pieces
Then she clean it with her face, man, I love my baby, ah
You talkin' money, need a hearin' aid
You talkin' 'bout me, I don't see the shade
Switch up my style, I take any lane
I switch up my cup, I kill any pain

(Ha-ha-ha-ha-ha, ha-ha-ha-ha-ha)
Look what you've done
(Ha-ha-ha-ha-ha, ha-ha-ha-ha-ha)
I'm a motherfuckin' starboy
(Ha-ha-ha-ha-ha, ha-ha-ha-ha-ha)
Look what you've done
(Ha-ha-ha-ha-ha, ha-ha-ha-ha-ha)
I'm a motherfuckin' starboy

Every day, a nigga try to test me, ah
Every day, a nigga try to end me, ah
Pull off in that Roadster SV, ah
Pockets overweight, gettin' hefty, ah
Comin' for the king, that's a far cry, I
I come alive in the fall time, I
The competition, I don't really listen
I'm in the blue Mulsanne, bumpin' New Edition

House so empty, need a centerpiece
Twenty racks a table, cut from ebony
Cut that ivory into skinny pieces
Then she clean it with her face, man, I love my baby, ah
You talkin' money, need a hearin' aid
You talkin' 'bout me, I don't see the shade
Switch up my style, I take any lane
I switch up my cup, I kill any pain

(Ha-ha-ha-ha-ha, ha-ha-ha-ha-ha)
Look what you've done
(Ha-ha-ha-ha-ha, ha-ha-ha-ha-ha)
I'm a motherfuckin' starboy
(Ha-ha-ha-ha-ha, ha-ha-ha-ha-ha)
Look what you've done
(Ha-ha-ha-ha-ha, ha-ha-ha-ha-ha)
I'm a motherfuckin' starboy

Let a nigga brag Pitt
Legend of the fall, took the year like a bandit
Bought Mama a crib and a brand new wagon
Now she hit the grocery shop lookin' lavish
Star Trek roof in that Wraith of Khan
Girls get loose when they hear this song
A hundred on the dash get me close to God
We don't pray for love, we just pray for cars

House so empty, need a centerpiece
Twenty racks a table, cut from ebony
Cut that ivory into skinny pieces
Then she clean it with her face, man, I love my baby, ah
You talkin' money, need a hearin' aid
You talkin' 'bout me, I don't see the shade
Switch up my style, I take any lane
I switch up my cup, I kill any pain

(Ha-ha-ha-ha-ha, ha-ha-ha-ha-ha)
Look what you've done
(Ha-ha-ha-ha-ha, ha-ha-ha-ha-ha)
I'm a motherfuckin' starboy
(Ha-ha-ha-ha-ha, ha-ha-ha-ha-ha)
Look what you've done
(Ha-ha-ha-ha-ha, ha-ha-ha-ha-ha)
I'm a motherfuckin' starboy
(Ha-ha-ha-ha-ha, ha-ha-ha-ha-ha)
Look what you've done
(Ha-ha-ha-ha-ha, ha-ha-ha-ha-ha)
I'm a motherfuckin' starboy
(Ha-ha-ha-ha-ha, ha-ha-ha-ha-ha)
Look what you've done
(Ha-ha-ha-ha-ha, ha-ha-ha-ha-ha)
I'm a motherfuckin' starboy",,https://genius.com/The-weeknd-starboy-lyrics,,,uplifting,Spotify: 429 Client Error: Too Many Requests for url: https://api.spotify.com/v1/search?q=track%3AStarboy+artist%3AThe+Weeknd&type=track&limit=5,genius,7MXVkk9YMctZqd1Srtv4MB,Starboy,The Weeknd,Starboy,0.486,0.588,186.005,0.678,0.141,6.35e-06,0.276,0.137,7.0,1.0,kaggle
Starships,Nicki Minaj,"RedOne
Uh

Let's go to the beach-each, let's go get away
They say, what they gonna say
Have a drink, clink, found the Bud Light
Bad bitches like me is hard to come by
The Patrón own, let's go get it on
The zone on, yes, I'm in the zone
Is it two, three? Leave a good tip
I'ma blow off my money and don't give two shits, oh-oh

I'm on the floor, floor, I love to dance
So give me more, more 'til I can't stand
Get on the floor, floor like it's your last chance
If you want more, more, then here I am

Starships were meant to fly
Hands up and touch the sky (
Oh-oh-oh-oh
)
Can't stop 'cause we're so high
Let's do this one more time (
Oh-oh-oh-oh
)
Starships were meant to fly
Hands up and touch the sky (
Oh-oh-oh-oh
)
Let's do this one last time
Can't stop

We're higher than a motherfucka
We're higher than a motherfucka
We're higher than a motherfucka

Jump in my hoopty-hoopty-hoop, I own that
And I ain't payin' my rent this month, I owe that
But fuck who you want, and fuck who you like
Dancehall life, there's no end in sight
Twinkle, twinkle little star
Now everybody let me hear you say, ""Ray, ray, ray""
Now spend all your money, 'cause today payday
And if you a G, you a G-G-G
My name is Onika, you can call me Nicki (Woo)

Get on the floor, floor like it's your last chance
If you want more, more, then here I am

Starships were meant to fly
Hands up and touch the sky (
Oh-oh-oh-oh
)
Can't stop 'cause we're so high
Let's do this one more time (
Oh-oh-oh-oh
)
Starships were meant to fly
Hands up and touch the sky (
Oh-oh-oh-oh
)
Let's do this one last time
Can't stop

We're higher than a motherfucka
We're higher than a motherfucka
We're higher than a motherfucka

Starships were meant to fly
Hands up and touch the sky
Can't stop 'cause we're so high
Let's do this one more time (
Oh-oh-oh-oh
)
Starships were meant to fly
Hands up and touch the sky (
Oh-oh-oh-oh
)
Let's do this one last time
Can't stop

We're higher than a motherfucka
We're higher than a motherfucka
We're higher than a motherfucka",,https://genius.com/Nicki-minaj-starships-lyrics,,,uplifting,Spotify: 429 Client Error: Too Many Requests for url: https://api.spotify.com/v1/search?q=track%3AStarships+artist%3ANicki+Minaj&type=track&limit=5,genius,1oHNvJVbFkexQc0BpQp7Y4,Starships,Nicki Minaj,Pink Friday ... Roman Reloaded,0.751,0.716,125.008,0.747,0.135,0.0,0.075,0.251,11.0,0.0,kaggle
Con Calma,Daddy Yankee,"D-D-D-D-D-DY
Play N' Skillz
¡Run!

¿Cómo te llamas, baby?
Desde que te vi supe que eras pa’ mí
Dile a tus amigas que andamo' ready
Esto lo seguimo' en el after party
¿Cómo te llamas, baby? (Brr, brr)
Desde que te vi supe que eras pa’ mí
Dile a tus amigas que andamo' ready (¡Sube!)
Esto lo seguimo' en el after party (Su-su, ey)

Con calma
Yo quiero ver como ella lo menea
Mueve ese poom-poom, girl
Es una asesina, cuando baila quiere que to' el mundo la vea
I like your poom-poom, girl (¡Sub-sube!)
Con calma
Yo quiero ver como ella lo menea
Mueve ese poom-poom, girl
Tiene adrenalina, en medio 'e la pista, vente, hazme lo que sea
I like your poom-poom, girl (¡Hey!)

Ya vi que estás solita, acompáñame
La noche es de nosotro', tú lo sabe' (You know!)
Que ganas me dan-dan-dan
De guayarte, mami, ese ram-pam-pam, yeah
Esa criminal como lo mueve e' un delito (Oh)
Tengo que arrestarte porque empiezo y no me quito (Eh)
Tienes criminality, pero te doy fatality
Vívete la película flotando en mi gravity
Daddy pone las regla’, tiene’ que obedecer
Mami, no tiene pausa, ¿qué e' lo que vas a hacer?
Échale, échale, échale pa’ atrás
Échale, échale, pa' alante y pa' atrás (Eh, ey-ey-ey)

Con calma
Yo quiero ver como ella lo menea
Mueve ese poom-poom, girl (Girl)
Es una asesina, cuando baila quiere que to' el mundo la vea
I like your poom-poom, girl
Con calma
Yo quiero ver como ella lo menea (Con calma)
Mueve ese poom-poom, girl
Tiene adrenalina, en medio ’e la pista, vente, hazme lo que sea
I like your poom-poom, girl

Tú tiene' candela y yo tengo la vela
Llama el 911, se están quemando las suela'
Me daña cuando la faldita esa me la modela
Mami, 'tás enferma, pero tu show no lo cancela'
Te llaman a ti la reina del party
Mucha sandunga tiene ese body
Tírate un paso, no-no-no pare, ¡woh, dale, dale! (Yo)
Somos dos bandido' entre la rumba y romance
Y zúmbale, DJ, otra ve' pa' que dance
Échale, échale, échale pa' atrás
Échale, échale, pa' alante y pa' atrás (Ey, eh, ey)

Con calma
Yo quiero ver como ella lo menea (Con calma)
Mueve ese poom-poom, girl (Girl)
Es una asesina, cuando baila quiere que to' el mundo la vea
I like your poom-poom, girl
Con calma
Yo quiero ver como ella lo menea (Con calma)
Mueve ese poom-poom, girl
Tiene adrenalina, en medio 'e la pista, vente, hazme lo que sea (Ey, ey, ey, eh)
I like your poom-poom, girl (¡Snow!)
[Verso 3: Snow & 
Daddy Yankee
]
Come with a nice young lady (What?)
Intelligent, yes, she gentle and irie (¡Fuego!)
Everywhere me go me never lef' her at all-ie (¡Dile!)
Yes-a Daddy Snow me are the roam dance man-a (¡Snow!)
Roam between-a dancin' in-a in-a nation-a (Prr, prr, prr!)
You never know say daddy me Snow me are the boom shakata (¿Qué-qué-qué-qué?)
Me never lay-a down flat in-a one cardboard box-a (¡Sube, sube!)
Yes-a Daddy Yankee me-a go reachin' out da top (What?)

Con calma
Yo quiero ver como ella lo menea (Menea)
Mueve ese poom-poom, girl (Girl)
Es una asesina, cuando baila quiere que to' el mundo la vea
I like your poom-poom, girl
Con calma
Ya' no say daddy me Snow me I go blame-eh
I like your poom-poom, girl
'Tective man a say, say daddy me Snow me stop a girl down the lane-eh
I love your poom-poom, girl",,https://genius.com/Daddy-yankee-con-calma-lyrics,,,energetic,Spotify: 429 Client Error: Too Many Requests for url: https://api.spotify.com/v1/search?q=track%3ACon+Calma+artist%3ADaddy+Yankee&type=track&limit=5,genius,5w9c2J52mkdntKOmRLeM2m,Con Calma,Daddy Yankee,Con Calma,0.656,0.86,93.989,0.737,0.11,1.94e-06,0.0593,0.0574,8.0,0.0,kaggle
Treat You Better,Shawn Mendes,"I won't lie to you
I know he's just not right for you
And you can tell me if I'm off, but I see it on your face
When you say that he's the one that you want
And you're spending all your time in this wrong situation
And anytime you want it to stop

I know I can treat you better than he can
And any girl like you deserves a gentleman
Tell me, why are we wasting time
On all your wasted cryin'
When you should be with me instead?
I know I can treat you better
Better than he can

I'll stop time for you
The second you say you'd like me to
I just wanna give you the loving that you're missing
Baby, just to wake up with you
Would be everything I need and this could be so different
Tell me what you want to do

'Cause I know I can treat you better than he can
And any girl like you deserves a gentleman
Tell me, why are we wasting time
On all your wasted cryin'
When you should be with me instead?
I know I can treat you better
Better than he can

Better than he can

Give me a sign
Take my hand, we'll be fine
Promise I won't let you down
Just know that you don't
Have to do this alone
Promise I'll never let you down

'Cause I know I can treat you better than he can
And any girl like you deserves a gentleman
Tell me, why are we wasting time
On all your wasted cryin'
When you should be with me instead?
I know I can treat you better
Better than he can

Better than he can
Better than he can",,https://genius.com/Shawn-mendes-treat-you-better-lyrics,,,uplifting,Spotify: 429 Client Error: Too Many Requests for url: https://api.spotify.com/v1/search?q=track%3ATreat+You+Better+artist%3AShawn+Mendes&type=track&limit=5,genius,3AFfyUXTfj12PgrOkZiiJo,Treat You Better,Shawn Mendes,Illuminate,0.792,0.819,110.645,0.748,0.13,0.0,0.198,0.111,10.0,0.0,kaggle
No Me Doy por Vencido,Luis Fonsi,"Me quedo callado, soy como un niño dormido
Que puede despertarse con apenas solo un ruido
Cuando menos te lo esperas, cuando menos lo imagino
Sé que un día no me aguanto y voy y te miro

Y te lo digo a los gritos
Y te ríes y me tomas por un loco atrevido
Pues no sabes cuánto tiempo en mis sueños has vivido
Ni sospechas cuando te nombré

Yo, yo no me doy por vencido
Yo quiero un mundo contigo
Juro que vale la pena esperar
Y esperar, y esperar un suspiro
Una señal del destino
No me canso, no me rindo
No me doy por vencido

Tengo una flor de bolsillo
Marchita de buscar a una mujer que me quiera
Y reciba su perfume hasta traer la primavera
Y me enseñe lo que no aprendí de la vida
Que brilla más cada día
Porque estoy tan solo a un paso de ganarme la alegría
Porque el corazón levanta una tormenta enfurecida
Desde aquel momento en que te vi

Yo, yo no me doy por vencido
Yo quiero un mundo contigo
Juro que vale la pena esperar
Y esperar, y esperar un suspiro
Una señal del destino
No me canso, no me rindo
No me doy por vencido

Este silencio esconde demasiadas palabras
No me detengo, pase lo que pase, seguiré

Yo, yo no me doy por vencido
Yo quiero un mundo contigo
Juro que vale la pena esperar
Y esperar, y esperar un suspiro
Una señal del destino
No me canso, no me rindo
No me doy por vencido

Oh, juro que vale la pena esperar
Y esperar, y esperar un suspiro
Una señal del destino
No me canso, no me rindo
No me doy por vencido",,https://genius.com/Luis-fonsi-no-me-doy-por-vencido-lyrics,,,aggressive,Spotify: 429 Client Error: Too Many Requests for url: https://api.spotify.com/v1/search?q=track%3ANo+Me+Doy+por+Vencido+artist%3ALuis+Fonsi&type=track&limit=5,genius,4lerOTNr2tFWJCAmmhymhi,No Me Doy Por Vencido,Luis Fonsi,Palabras Del Silencio (Edición Aniversario - Un Año Despues),0.407,0.663,172.768,0.31,0.443,0.0,0.101,0.609,3.0,1.0,kaggle
Umbrella,Rihanna,"Uh-huh, uh-huh (Yeah, Rihanna)
Uh-huh, uh-huh (
Good Girl Gone Bad
)
Uh-huh, uh-huh (Take three, action)
Uh-huh, uh-huh (Hov)
[Verse 1: JAY-Z & 
Rihanna
]
No clouds in my stones, let it rain, I hydroplane in the bank
Comin' down with the Dow Jones (Ayy, ayy, ayy)
When the clouds come, we go, we Roc-A-Fella (
Ayy-ayy-ayy, ayy
)
We fly higher than weather, in G5's or better
You know me (You know me), in anticipation for precipitation
Stack chips for the rainy day
Jay, Rain Man is back (
Ayy, ayy, ayy
)
With Little Miss Sunshine, Rihanna, where you at? (Ayy-ayy-ayy, ayy)

You have my heart
And we'll never be worlds apart
May be in magazines
But you'll still be my star
Baby, 'cause in the dark
You can't see shiny cars
And that's when you need me there
With you, I'll always share because

When the sun shine, we shine together
Told you I'll be here forever
Said ""I'll always be your friend""
Took an oath, I'ma stick it out 'til the end
Now that it's rainin' more than ever
Know that we'll still have each other
You can stand under my umbrella
You can stand under my umbrella

Ella-ella, ayy, ayy, ayy
Under my umbrella
Ella-ella, ayy, ayy, ayy
Under my umbrella
Ella-ella, ayy, ayy, ayy
Under my umbrella
Ella-ella, ayy, ayy, ayy
Ayy, ayy, ayy

These fancy things
Will never come in between
You're part of my entity
Here for infinity
When the war has took its part
When the world has dealt its cards
If the hand is hard
Together, we'll mend your heart because

When the sun shine, we shine together
Told you I'll be here forever
Said ""I'll always be your friend""
Took an oath, I'ma stick it out 'til the end
Now that it's rainin' more than ever
Know that we'll still have each other
You can stand under my umbrella
You can stand under my umbrella

Ella-ella, ayy, ayy, ayy
Under my umbrella
Ella-ella, ayy, ayy, ayy
Under my umbrella
Ella-ella, ayy, ayy, ayy
Under my umbrella
Ella-ella, ayy, ayy, ayy
Ayy, ayy, ayy

You can run into my arms
It's okay, don't be alarmed
Come into me
There's no distance in between our love
So, gonna let the rain pour
I'll be all you need and more
Because

When the sun shine, we shine together
Told you I'll be here forever
Said ""I'll always be your friend""
Took an oath, I'ma stick it out 'til the end
Now that it's rainin' more than ever
Know that we'll still have each other
You can stand under my umbrella
You can stand under my umbrella

Ella-ella, ayy, ayy, ayy
Under my umbrella
Ella-ella, ayy, ayy, ayy
Under my umbrella
Ella-ella, ayy, ayy, ayy
Under my umbrella
Ella-ella, ayy, ayy, ayy
Ayy, ayy, ayy

It's rainin', rainin'
Ooh, baby, it's rainin', rainin'
Baby, come into me
Come into me
It's rainin', rainin'
Ooh, baby, it's rainin', rainin'
You can always come into me
Come into me
It's pourin' rain
It's pourin' rain
Come into me
Come into me
It's pourin' rain
It's pourin' rain
Come into me
Come into me",,https://genius.com/Rihanna-umbrella-lyrics,,,energetic,Spotify: 429 Client Error: Too Many Requests for url: https://api.spotify.com/v1/search?q=track%3AUmbrella+artist%3ARihanna&type=track&limit=5,genius,49FYlytm3dAAraYgpoJZux,Umbrella,Rihanna,Good Girl Gone Bad: Reloaded,0.575,0.829,174.028,0.583,0.00864,0.0,0.134,0.0426,1.0,1.0,kaggle
Diamonds,Rihanna,"Shine bright like a diamond
Shine bright like a diamond

Find light in the beautiful sea
I choose to be happy
You and I, you and I
We're like diamonds in the sky
You're a shooting star I see
A vision of ecstasy
When you hold me, I'm alive
We're like diamonds in the sky

I knew that we'd become one right away
Oh, right away
At first sight, I felt the energy of sun rays
I saw the life inside your eyes

So shine bright, tonight, you and I
We're beautiful like diamonds in the sky
Eye to eye, so alive
We're beautiful like diamonds in the sky

Shine bright like a diamond (Woah)
Shine bright like a diamond (Woah)
Shinin' bright like a diamond
We're beautiful like diamonds in the sky
Shine bright like a diamond (Woah)
Shine bright like a diamond (Woah)
Shinin' bright like a diamond
We're beautiful like diamonds in the sky

Palms rise to the universe
As we moonshine and Molly
Feel the warmth, we'll never die
We're like diamonds in the sky
You're a shooting star I see
A vision of ecstasy
When you hold me, I'm alive
We're like diamonds in the sky

At first sight, I felt the energy of sun rays
I saw the life inside your eyes

So shine bright, tonight, you and I
We're beautiful like diamonds in the sky
Eye to eye, so alive
We're beautiful like diamonds in the sky

Shine bright like a diamond (Woah)
Shine bright like a diamond (Woah)
Shinin' bright like a diamond
We're beautiful like diamonds in the sky
Shine bright like a diamond (Woah)
Shine bright like a diamond (Woah)
Shinin' bright like a diamond
We're beautiful like diamonds in the sky

Shine bright like a diamond
Shine bright like a diamond
Shine bright like a diamond

So shine bright, tonight, you and I
We're beautiful like diamonds in the sky
Eye to eye, so alive
We're beautiful like diamonds in the sky

Shine bright like a diamond (Woah)
Shine bright like a diamond (Woah)
Shine bright like a diamond
Oh, yeah
Shine bright like a diamond (Woah)
Shine bright like a diamond (Woah)
Shine bright like a diamond
Shine bright like a diamond",,https://genius.com/Rihanna-diamonds-lyrics,,,aggressive,Spotify: 429 Client Error: Too Many Requests for url: https://api.spotify.com/v1/search?q=track%3ADiamonds+artist%3ARihanna&type=track&limit=5,genius,1z9kQ14XBSN0r2v6fx4IdG,Diamonds,Rihanna,Unapologetic (Edited Version),0.393,0.71,91.972,0.564,0.00125,0.0,0.0461,0.109,11.0,0.0,kaggle
Mayores,Becky G,"Woah-oh, oh-oh-oh
Oh, oh, oh, woah
Woah-oh, oh, oh

A mí me gusta que me traten como dama
Aunque a veces se me olvide cuando estamos en la cama
A mí me gusta que me digan poesía
Al oído por la noche cuando hacemos groserías

Me gusta un caballero, que sea interesante
Que sea un buen amigo pero más un buen amante
¿Qué importan unos años de más?

A mí me gustan mayores
De esos que llaman señores
De los que te abren la puerta y te mandan flores
A mí me gustan más grandes
Que no me quepa en la boca
Los besos que quiera darme y que me vuelva loca

Loca, oh-oh, oh, oh, oh
Loca, oh-oh, oh, oh, oh

Yo no soy viejo pero tengo la cuenta como uno
Si quiere' a la cama yo te llevo el desayuno
Como yo ninguno, un caballero con veintiuno (Yeh)
Yo estoy puesto pa' to' tu' locuras
Que tú quiere' un viejo, ¿'tás segura? (Wuh)
Yo te prometo un millón de aventura'
Y en la cama te duro lo que él no dura
Yo estoy activo 24/7
Conmigo no hacen falta lo' juguete'
Yo todavía nuevo de paquete
Pero si te gustan usa'o pues con otro vete

A mí me gustan mayores
De esos que llaman señores
De los que te abren la puerta y te mandan flores
A mí me gustan más grandes
Que no me quepa en la boca
Los besos que quiera darme y que me vuelva loca

Loca, oh-oh, oh, oh, oh
Loca, oh-oh, oh, oh, oh

Yo no quiero un niño que no sepa nada
Yo prefiero un tipo que me dé la talla
Yo no quiero un niño que no sepa nada
Yo prefiero un tipo que me dé la talla

A mí me gustan, me gustan mayores
De esos que llaman señores
De los que te abren la puerta y te mandan flores
A mí me gustan más grandes
Que no me quepa en la boca
Los besos que quiera darme y que me vuelva loca

Loca, oh-oh, oh, oh, oh
Loca, oh-oh, oh, oh, oh
Loca, oh-oh, oh, oh, oh
Loca, oh-oh, oh, oh, oh
Loca

Bad Bunny, baby
Jeje
Becky G
Becky G",,https://genius.com/Becky-g-and-bad-bunny-mayores-lyrics,,,uplifting,Spotify: 429 Client Error: Too Many Requests for url: https://api.spotify.com/v1/search?q=track%3AMayores+artist%3ABecky+G&type=track&limit=5,genius,7JNh1cfm0eXjqFVOzKLyau,Mayores,Becky G,Mayores,0.871,0.855,96.989,0.743,0.141,0.0045,0.0436,0.099,5.0,0.0,kaggle
Smells Like Teen Spirit,Nirvana,"Load up on guns, bring your friends
It's fun to lose and to pretend
She's over-bored and self-assured
Oh no, I know a dirty word

Hello, hello, hello, how low
Hello, hello, hello, how low
Hello, hello, hello, how low
Hello, hello, hello

With the lights out, it's less dangerous
Here we are now, entertain us
I feel stupid and contagious
Here we are now, entertain us
A mulatto, an albino
A mosquito, my libido, yeah

Hey, yay

I'm worse at what I do best
And for this gift, I feel blessed
Our little group has always been
And always will until the end

Hello, hello, hello, how low
Hello, hello, hello, how low
Hello, hello, hello, how low
Hello, hello, hello

With the lights out, it's less dangerous
Here we are now, entertain us
I feel stupid and contagious
Here we are now, entertain us
A mulatto, an albino
A mosquito, my libido, yeah

Hey, yay


And I forget just why I taste
Oh, yeah, I guess it makes me smile
I found it hard, it's hard to find
Oh, well, whatever, never mind

Hello, hello, hello, how low
Hello, hello, hello, how low
Hello, hello, hello, how low
Hello, hello, hello

With the lights out, it's less dangerous
Here we are now, entertain us
I feel stupid and contagious
Here we are now, entertain us
A mulatto, an albino
A mosquito, my libido

A denial, a denial
A denial, a denial
A denial, a denial
A denial, a denial
A denial",,https://genius.com/Nirvana-smells-like-teen-spirit-lyrics,,,energetic,Spotify: 429 Client Error: Too Many Requests for url: https://api.spotify.com/v1/search?q=track%3ASmells+Like+Teen+Spirit+artist%3ANirvana&type=track&limit=5,genius,4hy4fb5D1KL50b3sng9cjw,Smells Like Teen Spirit,Nirvana,Nirvana (International Version),0.826,0.875,116.754,0.48,1.62e-05,0.000751,0.0429,0.103,1.0,1.0,kaggle
Ay Vamos,J Balvin,"Cuando no la llamo, siempre me hace reclamo'
Discutimos, peleamos
Pero llego a casa en la noche
La molesto y arreglamos (Uh)

Ah-ah-ah-ah (Ey), ah-ah-ah-ah (Eh)
Peleamo', nos arreglamo'
Nos mantenemo' en esa, pero nos amamo', ay, vamos
Ah-ah-ah-ah, ah-ah-ah-ah
Qué pena me daría (Cuánta), no tenerte en mi vida, vida mía, mami
Ah-ah-ah-ah, ah-ah-ah-ah (Eh)
Peleamo', nos arreglamo' (Wuh)
Nos mantenemo' en esa, pero nos amamo', y ay, vamos
Ah-ah-ah-ah (Yah), ah-ah-ah-ah (Wuh)
Qué pena me daría no tenerte en mi vida, vida mía, ay, vamos

No importa si estás lejos, siempre te siento presente
Y estoy pendiente a ti frecuentemente
Cuando estoy en la calle resolviendo mis problemas
Es pa' nuestro futuro, yo no sé por qué me celas
No soy un santo, tampoco ando en cosas malas
Cuando no estoy contigo, es porque ando con mis panas
Somos polos opuestos y por eso nos gustamos
¿Qué má' le vamo' a hacer si así nos enamoramos?
Que ahí vamos

Ah-ah-ah-ah, ah-ah-ah-ah
Peleamo', nos arreglamo'
Nos mantenemo' en esa, pero nos amamo', ay, vamos
Ah-ah-ah-ah, ah-ah-ah-ah
Qué pena me daría (Cuánta), no tenerte en mi vida, vida mía, mami

Todos los día' yo la tengo que ver
Así peleemos, primero mi mujer
Mami, no me celes tanto
Que yo siempre me conmuevo con tu llanto

Nena, nena, tranquilícese, que en la calle a nadie besé
Yo sólo tengo ojos pa' usted
Relájate, despreocúpate
Nena, nena, tranquilícese, que en la calle a nadie besé
Yo sólo tengo ojos pa' usted
Relájate, despreocúpate
Que ahí vamos

Ah-ah-ah-ah, ah-ah-ah-ah (Eh)
Peleamo', nos arreglamo' (Wuh)
Nos mantenemo' en esa, pero nos amamo', y ay, vamos
Ah-ah-ah-ah (Yah), ah-ah-ah-ah (Wuh)
Qué pena me daría no tenerte en mi vida, vida mía, ay, vamos

Nena, nena, tranquilícese
J Balvin, the business man
Que en la calle a nadie besé
Sky Rompiendo el bajo
Nena, nena, tranquilícese
Mosty, Bull Nene
Que en la calle a nadie besé
Infinity Music, leggo (Infinity)
¿Estamo' rompiendo o no estamo' rompiendo, muchacho?
Okay, The Business
One, two, three, leggo",,https://genius.com/J-balvin-ay-vamos-lyrics,,,uplifting,Spotify: 429 Client Error: Too Many Requests for url: https://api.spotify.com/v1/search?q=track%3AAy+Vamos+artist%3AJ+Balvin&type=track&limit=5,genius,6Ges5C2IE738iJh4HyQizQ,Ay Vamos,J Balvin,La Familia B Sides,0.92,0.711,173.916,0.718,0.157,5.54e-05,0.11,0.1,8.0,0.0,kaggle
Yeah!,USHER,"[Intro: USHER & 
Lil Jon
]
Peace up, A-Town down
Yeah
 (Yeah)
Okay (Okay)
Usher, Usher
And Lil Jon
Yeah-yeah-yeah, yeah, yeah, yeah
Yeah-yeah-yeah, yeah, yeah, yeah (What it do, shawty?)
Let's go

Up in the club with my homies
Tryna get a little V-I, keep it down on the low-key (Low-key)
'Cause you know how it is (Hey, hey)
I saw this shorty, she was checkin' up on me
From the game she was spittin' in my ear, you would think that she know me (Know me)
I decided to chill (Okay)
Conversation got heavy (
Hey
)
She had me feelin' like she's ready to blow
Watch out! (Oh)
Watch out!
She was sayin', ""Come get me"" (Come get me)
So I got up and followed her to the floor
She said, ""Baby, let's go"" (
Let's go
)
When I told her, I said

Yeah
, yeah
Shawty got down low, she said, ""Come and get me""
Yeah
, yeah
I got so caught up, I forgot she told me
Yeah
, yeah
Her and my girl used to be the best of homies
Yeah
, yeah
Next thing I knew, she was all up on me screamin'
Yeah
, 
yeah
, yeah, 
yeah
, yeah, yeah
Yeah
, 
yeah
, yeah, 
yeah
, yeah, yeah

So she's all up in my head now
Got me thinkin' that it might be a good idea to take her with me (With me)
'Cause she's ready to leave (Ready to leave now; oh, let's go)
Now I gotta keep it real now (Yeah)
'Cause on a one-to-ten, she's a certified twenty
But that just ain't me (Hey)
'Cause I don't know if I take that chance
Just where's it gonna lead
But what I do know is the way she dance
Make shorty alright with me (Hey, hey, hey)
The way she get low
I'm like, ""Yeah, just work that out for me""
She asked for one more dance
And I'm like, ""Yeah, how the hell am I supposed to leave?"" And I said (
Let's go, bring the beat back
)

Yeah
, yeah
Shawty got down low, she said, ""Come and get me""
Yeah
, yeah
I got so caught up, I forgot she told me
Yeah
, yeah
Her and my girl used to be the best of homies
Yeah
, yeah
Next thing I knew, she was all up on me screamin'
Yeah
, 
yeah
, yeah, 
yeah
, yeah, yeah
Yeah
, 
yeah
, yeah, 
yeah
, yeah, yeah (Hey, hey, Luda)

Watch out, my outfit's ridiculous
In the club, lookin' so conspicuous
And raow, these women all on the prowl
If you hold the head steady, I'ma milk the cow (
Yeah
)
And forget about game, I'ma spit the truth (
What
)
I won't stop 'til I get 'em in they birthday suit (
Yeah
)
So gimme the rhythm and it'll be off with they clothes
Then 
bend over to the front and touch your toes
I left the Jag' and I took the Rolls
If they ain't cuttin', then I put 'em on foot patrol (
Let's go
, ow)
How you like me now
When my pinky's valued over three hundred thousand?
Let's drink, you the one to please (
Yeah
)
Ludacris fill cups like double Ds (
Yeah
)
Me and Ursh once more and we leaves 'em dead
We want a lady in the street, but a freak in the bed, that say

Yeah
, yeah
Shawty got down low, she said, ""Come and get me""
Yeah
, yeah
I got so caught up, I forgot she told me
Yeah
, yeah
Her and my girl used to be the best of homies
Yeah
, yeah
Next thing I knew, she was all up on me screamin'
Yeah
, 
yeah
, yeah, 
yeah
, yeah, yeah
Yeah
, 
yeah
, yeah, 
yeah
, yeah, yeah

Take that and rewind it back
Lil Jon got the beat that make ya booty go
Take that, rewind it back
Usher got the voice make ya booty go
Take that, rewind it back
Ludacris got the flow that make ya booty go
Take that, rewind it back
Lil Jon got the beat that make ya booty go",,https://genius.com/Usher-yeah-lyrics,,,energetic,Spotify: 429 Client Error: Too Many Requests for url: https://api.spotify.com/v1/search?q=track%3AYeah%21+artist%3AUSHER&type=track&limit=5,genius,0XUfyU2QviPAs6bxSpXYG4,Yeah!,Usher,Confessions,0.592,0.788,104.997,0.881,0.0212,0.0,0.168,0.0377,2.0,1.0,kaggle
Mi Soledad y Yo,Alejandro Sanz,"¿Cómo estás? ¿qué tal te va?
¿Allí es de día o es de noche?
¿Es bonita esa ciudad para ir de vacaciones?
Y el hotel, ¿era verdad que es tan romántico y lujoso
Como en la publicidad, con esas playas de las fotos?

En Madrid está lloviendo y todo sigue como siempre
Solamente que no estás, y el tiempo pasa lentamente
Estoy loco por que vuelvas; hace tanto que te fuiste
No te irás a enamorar allí, lo prometiste

Por favor, cuando puedas, llámame
Que mi soledad y yo, sin ti no nos llevamos bien
Me paso el día planeando nuestro encuentro imaginario
Oh, no, no

Te besaré como nadie en este mundo te besó
Te amaré con el cuerpo y con la mente
Con la piel y el corazón
Vuelve pronto, te esperamos
Mi soledad y yo…
Te besaré como nadie en este mundo te besó
Te amaré con el cuerpo y con la mente
Con la piel y el corazón
Vuelve pronto, te esperamos
Mi soledad y yo

Ya no te entretengo más; sé que te está esperando alguien
Dile que debe hablar más bajo, al que ha dicho que no tardes
Solo un último favor te pido antes de colgar
Dile que te cuide mucho; ¿me prometes que lo harás?

Y ahora, cálmate
Que no note que has llorado
Disimula que estás bien, como yo lo hago
Y mientras, seguiré pensando en nuestro encuentro imaginario
No, no, no, no…

Te besaré como nadie en este mundo te besó
Te amaré con el cuerpo y con la mente
Con la piel y el corazón
Vuelve pronto, te esperamos
Mi soledad y yo…
…Como nadie en este mundo te besó
Te amaré… con la piel y el corazón
Mi soledad y yo…
Te besaré como nadie en este mundo te besó
Te amaré con el cuerpo y con la mente
Con la piel y el corazón
Vuelve pronto, te esperamos
Mi soledad y yo
No, no... no, no...",,https://genius.com/Alejandro-sanz-mi-soledad-y-yo-lyrics,,,dark,Spotify: 429 Client Error: Too Many Requests for url: https://api.spotify.com/v1/search?q=track%3AMi+Soledad+y+Yo+artist%3AAlejandro+Sanz&type=track&limit=5,genius,0HF2v0OhCB24qGiHpoSuNv,Mi soledad y yo,Alejandro Sanz,Grandes exitos 1991-1996,0.217,0.534,78.77,0.281,0.163,1.05e-05,0.0333,0.12,8.0,0.0,kaggle
Can’t Stop,Red Hot Chili Peppers,"Can't stop, addicted to the shindig
Chop Top, he says I'm gonna win big
Choose not a life of imitation
Distant cousin to the reservation
Defunkt, the pistol that you pay for
This punk, the feelin' that you stay for
In time I want to be your best friend
East side love is living on the West End

Knocked out, but, boy, you better come to (Oh, oh-oh)
Don't die, you know, the truth as some do (Oh-oh)
Go write your message on the pavement (
Oh-oh
)
Burn so bright, I wonder what the wave meant
White heat is screamin' in the jungle (
Oh, oh-oh
)
Complete the motion if you stumble (
Oh-oh
)
Go ask the dust for any answers (
Oh-oh
)
Come back strong with fifty belly dancers

The world I love, the tears I drop
To be part of the wave, can't stop
Ever wonder if it's all for you?
The world I love, the trains I hop
To be part of the wave, can't stop
Come and tell me when it's time to

Sweetheart is bleeding in the snow cone
So smart, she's leadin' me to ozone
Music, the great communicator
Use two sticks to make it in the nature
I'll get you into penetration
The gender of a generation
The birth of every other nation
Worth your weight, the gold of meditation

This chapter's gonna be a close one (
Oh, oh-oh
)
Smoke rings, I know you're gonna blow one (Oh-oh)
All on a spaceship, persevering (
Oh-oh
)
Use my hands for everything but steering
Can't stop the spirits when they need you (Oh, oh-oh)
Mop tops are happy when they feed you (
Oh-oh
)
J. Butterfly is in the treetop (
Oh-oh
)
Birds that blow the meaning into bebop

The world I love, the tears I drop
To be part of the wave, can't stop
Ever wonder if it's all for you?
The world I love, the trains I hop
To be part of the wave, can't stop
Come and tell me when it's time to

Wait a minute, I'm passin' out, win or lose
Just like you
Far more shockin' than anything I ever knew
How 'bout you?
Ten more reasons why I need somebody new
Just like you
Far more shockin' than anything I ever knew
Right on cue


Can't stop, addicted to the shindig
Chop Top, he says I'm gonna win big
Choose not a life of imitation
Distant cousin to the reservation
Defunkt, the pistol that you pay for (
Oh, oh-oh
)
This punk, the feelin' that you stay for (Oh-oh)
In time I want to be your best friend (Oh-oh)
East side love is living on the West End
Knocked out, but boy, you better come to (Oh, oh-oh)
Don't die, you know, the truth is some do (Oh-oh)
Go write your message on the pavement (
Oh-oh
)
Burn so bright, I wonder what the wave meant

Kick start the golden generator
Sweet talk but don't intimidate her
Can't stop the gods from engineering
Feel no need for any interfering
Your image in the dictionary
This life is more than ordinary
Can I get two, maybe even three of these?
Comin' from the space to teach you of the Pleiades

Can't stop the spirits when they need you
This life is more than just a read-through",,https://genius.com/Red-hot-chili-peppers-cant-stop-lyrics,,,energetic,Spotify: 429 Client Error: Too Many Requests for url: https://api.spotify.com/v1/search?q=track%3ACan%E2%80%99t+Stop+artist%3ARed+Hot+Chili+Peppers&type=track&limit=5,genius,3ZOEytgrvLwQaqXreDs2Jx,Can't Stop,Red Hot Chili Peppers,By the Way (Deluxe Edition),0.875,0.938,91.455,0.618,0.0179,0.0,0.0456,0.167,9.0,1.0,kaggle
Say So,Doja Cat,"Day to night to morning, keep with me in the moment
I'd let you had I known it, why don't you say so?
Didn't even notice, no punches left to roll with
You got to keep me focused; you want it? Say so
Day to night to morning, keep with me in the moment
I'd let you had I known it, why don't you say so?
Didn't even notice, no punches left to roll with
You got to keep me focused; you want it? Say so

It's been a long time since you fell in love
You ain't coming out your shell, you ain't really been yourself
Tell me, what must I do? (Do tell, my love)
'Cause luckily, I'm good at reading
I wouldn't bug him, but he won't stop cheesin'
And we can dance all day around it
If you frontin', I'll be bouncing
If you want it, scream it, shout it, babe
Before I leave you dry

Day to night to morning, keep with me in the moment
I'd let you had I known it, why don't you say so?
Didn't even notice, no punches left to roll with
You got to keep me focused; you want it? Say so
Day to night to morning, keep with me in the moment
I'd let you had I known it, why don't you say so?
Didn't even notice, no punches left to roll with
You got to keep me focused; you want it? Say so (Yeah)

Let me check my chest, my breath right quick (Ha)
He ain't ever seen it in a dress like this (Ah)
He ain't ever even been impressed like this
Prolly why I got him quiet on the set like zip
Like it, love it, need it bad
Take it, own it, steal it fast
Boy, stop playing, grab my ass
Why you actin' like you shy? (Hot)
Shut it, save it, keep it pushin'
Why you beating 'round the bush?
Knowin' you want all this woman
Never knock it 'til you try (Yah, yah)
All of them bitches hating I have you with me
All of my niggas sayin' you mad committed
Realer than anybody you had, and pretty
All of the body-ody, the ass and titties

Day to night to morning, keep with me in the moment
I'd let you had I known it, why don't you say so?
Didn't even notice, no punches left to roll with
You got to keep me focused; you want it? Say so
Day to night to morning, keep with me in the moment
I'd let you had I known it, why don't you say so?
Didn't even notice, no punches left to roll with
You got to keep me focused; you want it? Say so

Mm-hmm
Uh-huh, oh
Uh-huh, uh-huh, uh-huh
Mm-hmm
Uh-huh, oh
Uh-huh, uh-huh, uh-huh",,https://genius.com/Doja-cat-say-so-lyrics,,,uplifting,Spotify: 429 Client Error: Too Many Requests for url: https://api.spotify.com/v1/search?q=track%3ASay+So+artist%3ADoja+Cat&type=track&limit=5,genius,3Dv1eDb0MEgF93GpLXlucZ,Say So,Doja Cat,Hot Pink,0.786,0.673,110.962,0.787,0.256,3.57e-06,0.158,0.0904,11.0,0.0,kaggle
Heart-Shaped Box,Nirvana,"She eyes me like a Pisces when I am weak
I've been locked inside your heart-shaped box for weeks
I've been drawn into your magnet tar pit trap
I wish I could eat your cancer when you turn black

Hey, wait, I got a new complaint
Forever in debt to your priceless advice
Hey, wait, I got a new complaint
Forever in debt to your priceless advice
Hey, wait, I got a new complaint
Forever in debt to your priceless advice
Your advice

Meat-eating orchids forgive no one just yet
Cut myself on angel hair and baby's breath
Broken hymen of your highness, I'm left black
Throw down your umbilical noose so I can climb right back

Hey, wait, I got a new complaint
Forever in debt to your priceless advice
Hey, wait, I got a new complaint
Forever in debt to your priceless advice
Hey, wait, I got a new complaint
Forever in debt to your priceless advice
Your advice


She eyes me like a Pisces when I am weak
I've been locked inside your heart-shaped box for weeks
I've been drawn into your magnet tar pit trap
I wish I could eat your cancer when you turn black

Hey, wait, I got a new complaint
Forever in debt to your priceless advice
Hey, wait, I got a new complaint
Forever in debt to your priceless advice
Hey, wait, I got a new complaint
Forever in debt to your priceless advice
Your advice
Your advice
Your advice",,https://genius.com/Nirvana-heart-shaped-box-lyrics,,,dark,Spotify: 429 Client Error: Too Many Requests for url: https://api.spotify.com/v1/search?q=track%3AHeart-Shaped+Box+artist%3ANirvana&type=track&limit=5,genius,11LmqTE2naFULdEP94AUBa,Heart-Shaped Box,Nirvana,In Utero - 20th Anniversary - Deluxe Edition,0.382,0.641,203.006,0.256,0.199,0.0329,0.0552,0.0853,1.0,1.0,kaggle
TELÉFONO,Aitana,"Solo cuando llueve me buscas
Solo cuando hay frío te asustas
Sabes que tu fuerte es pedir perdón
Sabes que en el fondo tengo la razón
Para decir la verdad
Ya no hay nada que hablar
Y no voy a buscarte
Y si en el invierno siempre hay tentación
Que se venga el verano

Hoy he dejado mi teléfono para no llamarte
Para no llamarte, para no llamarte
Hoy he dejado mi teléfono para no llamarte
Para no llamarte, para así olvidarte

Una llamada perdida fácil se olvida
Tú puedes seguir, seguir rogándome
Tú puedes seguir, seguir mintiéndome
No voy a seguir, seguir creyéndote
Cierra la puerta, vas de salida
Y aunque, la verdad, yo nunca te esperé
Yo ya he estado sola, y sola yo estoy bien
No necesito a nadie

Hoy he dejado mi teléfono para no llamarte
Para no llamarte, para no llamarte
Hoy he dejado mi teléfono para no llamarte
Para no llamarte, para así olvidarte

Oh, oh, oh
Para no llamarte
Oh, oh, oh

Solo cuando llueve me buscas
Solo cuando hay frío te asustas
Sabes que tu fuerte es pedir perdón
Sabes que en el fondo tengo la razón

Hoy he dejado mi teléfono para no llamarte (para no llamarte, no)
Para no llamarte (para no llamarte, no)
Para no llamarte (para no llamarte, no oh, oh)
Hoy he dejado mi teléfono (hoy he dejado, oh)
Para no llamarte (para no llamarte, no)
Para no llamarte, para así olvidarte (para así olvidarte, oh, woah)

Oh, oh, oh
Para no llamarte
Oh, oh, oh

Ah... ah...",,https://genius.com/Aitana-telefono-lyrics,,,energetic,Spotify: 429 Client Error: Too Many Requests for url: https://api.spotify.com/v1/search?q=track%3ATEL%C3%89FONO+artist%3AAitana&type=track&limit=5,genius,5h8VHxOBK1VWWj46T8fSly,TELÉFONO,Aitana,TELÉFONO,0.564,0.829,172.161,0.691,0.102,0.000177,0.158,0.0698,11.0,0.0,kaggle
Thriller,Michael Jackson,"It's close to midnight
And something evil's lurking in the dark
Under the moonlight
You see a sight that almost stops your heart
You try to scream
But terror takes the sound before you make it
You start to freeze
As horror looks you right between the eyes
You're paralyzed

'Cause this is thriller, thriller night
And no one's gonna save you
From the beast about to strike
You know it's thriller, thriller night
You're fighting for your life inside a killer
Thriller tonight, yeah
Ooh

You hear the door slam
And realize there's nowhere left to run
You feel the cold hand
And wonder if you'll ever see the sun
You close your eyes
And hope that this is just imagination (Girl)
But all the while
You hear a creature creepin’ up behind
You're out of time

'Cause this is thriller, thriller night
There ain't no second chance
Against the thing with forty eyes, girl
Thriller (Ooh), thriller night
You're fighting for your life
Inside a killer, thriller tonight

Night creatures call
And the dead start to walk in their masquerade
There's no escaping the jaws of the alien this time
(They're open wide)
This is the end of your life, ooh

They're out to get you
There's demons closing in on every side (Ooh)
They will possess you
Unless you change that number on your dial
Now is the time
For you and I to cuddle close together, yeah
All through the night
I'll save you from the terror on the screen
I'll make you see

That this is thriller, thriller night
'Cause I can thrill you more
Than any ghoul would ever dare try
Thriller (Ooh), thriller night
So let me hold you tight
And share a killer, thriller, chiller
Thriller, here tonight
'Cause this is thriller, thriller night
Girl, I can thrill you more
Than any ghoul would ever dare try
Thriller (Ooh), thriller night
So let me hold you tight
And share a killer, thriller (Ow)

I'm gonna thrill you tonight
Darkness falls across the land
The midnight hour is close at hand
Creatures crawl in search of blood
To terrorize y'all's neighborhood (I'm gonna thrill you tonight)
And whosoever shall be found
Without the soul for getting down
Must stand and face the hounds of hell
And rot inside a corpse's shell
I'm gonna thrill you tonight
Thriller, ooh, babe (Thriller)
I'm gonna thrill you tonight (Thriller night)
Thriller, oh, darling (Oh, baby)
I'm gonna thrill you tonight (Thriller)
Ooh, babe (Thriller night)
I'm gonna thrill you tonight (Thriller)
Oh, darling (Oh, baby)
Thriller night, babe (Thriller night, babe)
Ooh
The foulest stench is in the air
The funk of forty thousand years (
Thriller night, thriller
)
And grisly ghouls from every tomb
Are closing in to seal your doom
And though you fight to stay alive
Your body starts to shiver (I'm gonna thrill you tonight)
For no mere mortal can resist
The evil of the thriller",,https://genius.com/Michael-jackson-thriller-lyrics,,,energetic,Spotify: 429 Client Error: Too Many Requests for url: https://api.spotify.com/v1/search?q=track%3AThriller+artist%3AMichael+Jackson&type=track&limit=5,genius,7azo4rpSUh8nXgtonC6Pkq,Thriller,Michael Jackson,Scream,0.721,0.887,118.421,0.764,0.0816,0.000108,0.0738,0.847,11.0,1.0,kaggle
Somebody Told Me,The Killers,"Breakin' my back just to know your name
Seventeen tracks and I've had it with this game
I'm breakin' my back just to know your name
But heaven ain't close in a place like this
Anything goes, but don't blink, you might miss

'Cause heaven ain't close in a place like this
I said, oh, heaven ain't close in a place like this
Bring it back down, bring it back down tonight (Ooh-ooh)
Never thought I'd let a rumor ruin my moonlight

Well, somebody told me you had a boyfriend
Who looked like a girlfriend that I had in February of last year
It's not confidential, I've got potential

Ready, let's roll onto somethin' new
Takin' its toll then I'm leaving without you

'Cause heaven ain't close in a place like this
I said, oh, heaven ain't close in a place like this
Bring it back down, bring it back down tonight (Ooh-ooh)
Never thought I'd let a rumor ruin my moonlight

Well, somebody told me you had a boyfriend
Who looked like a girlfriend that I had in February of last year
It's not confidential, I've got potential
A-rushin', a-rushin' around

Pace yourself for me (For me)
I said maybe, baby, please (Please)
But I just don't know now (Maybe, baby)
When all I wanna do is try

Well, somebody told me you had a boyfriend
Who looked like a girlfriend that I had in February of last year
It's not confidential, I've got potential
A-rushin', a-rushin' around
Oh, somebody told me you had a boyfriend
Who looked like a girlfriend that I had in February of last year
It's not confidential, I've got potential
A-rushin', a-rushin' around
Somebody told me you had a boyfriend
Who looked like a girlfriend that I had in February of last year
It's not confidential, I've got potential
A-rushin', a-rushin' around",,https://genius.com/The-killers-somebody-told-me-lyrics,,,energetic,Spotify: 429 Client Error: Too Many Requests for url: https://api.spotify.com/v1/search?q=track%3ASomebody+Told+Me+artist%3AThe+Killers&type=track&limit=5,genius,7HGTkn2aX7MNdKs7nV2xBt,Somebody Told Me,The Killers,Hot Fuss,0.647,0.987,138.039,0.509,8.05e-05,0.000928,0.0886,0.119,10.0,0.0,kaggle
Bongo Bong,Manu Chao,"Mama was queen of the mambo
Papa was king of the Congo
Deep down in the jungle
I start bangin' my first bongo
Every monkey'd like to be
In my place instead of me
'Cause I'm the king of bongo, baby
I'm the king of bongo bong

I went to the big town
Where there is a lot of sound
From the jungle to the city
Looking for a bigger crown
So I play my boogie
For the people of big city
But they don't go crazy
When I'm bangin' on my boogie

I'm the
(King of the bongo, king of the bongo bong)
Hear me when I come, baby
(King of the bongo
King of the bongo bong)

Nobody like to be in my place instead of me
'Cause nobody go crazy when I'm bangin' on my boogie
I'm a king without a crown hanging loose in a big town
But I'm the king of bongo baby, I'm the king of bongo bong

King of the bongo
King of the bongo bong
Hear me when I come, baby
King of the bongo
King of the bongo bong
Hear me when I come

They say that I'm a clown
Making too much dirty sound
They say there is no place for little monkey in this town
Nobody'd like to be in my place instead of me
'Cause nobody go crazy when I'm bangin' on my boogie

I'm the
(King of the bongo, king of the bongo bong)
Hear me when I come, baby
(King of the bongo
King of the bongo bong)
Hear me when I come

Bangin' on my bongo
All that swing belongs to me
I'm so happy there's nobody
In my place instead of me
I'm a king without a crown
Hangin' loose in a big town
I'm the king of bongo, baby
I'm the king of bongo bong

(King of the bongo
(King of the bongo bong)
Hear me when I come, baby
(king of the bongo, king of the bongo bong))
Hear me when I come

Mama was queen of the mambo
Papa was king of the Congo
Deep down in the jungle
I start bangin' my first bongo
Every monkey'd like to be
In my place instead of me
Cause I'm the king of bongo, baby
I'm the king of bongo bong

Hear me when I come
Hear me when I come
Hear me when I come",,https://genius.com/Manu-chao-bongo-bong-lyrics,,,happy,Spotify: 429 Client Error: Too Many Requests for url: https://api.spotify.com/v1/search?q=track%3ABongo+Bong+artist%3AManu+Chao&type=track&limit=5,genius,00SmB7n85SKROGjybsyq5i,Bongo Bong,Manu Chao,Clandestino,0.964,0.545,149.807,0.755,0.944,0.000118,0.0646,0.144,9.0,0.0,kaggle
Like a Prayer,Madonna,"Life is a mystery
Everyone must stand alone
I hear you call my name
And it feels like home

When you call my name
It's like a little prayer
I'm down on my knees
I want to take you there
In the midnight hour
I can feel your power
Just like a prayer
You know I'll take you there

I hear your voice
It's like an angel sighing
I have no choice
I hear your voice
Feels like flying
I close my eyes
Oh God, I think I'm falling
Out of the sky
I close my eyes
Heaven, help me

When you call my name
It's like a little prayer
I'm down on my knees
I want to take you there
In the midnight hour
I can feel your power
Just like a prayer
You know I'll take you there

Like a child
You whisper softly to me
You're in control
Just like a child
Now I'm dancing
It's like a dream
No end and no beginning
You're here with me
It's like a dream
Let the choir sing

When you call my name
It's like a little prayer
I'm down on my knees
I wanna take you there
In the midnight hour
I can feel your power
Just like a prayer
You know I'll take you there
When you call my name
It's like a little prayer
I'm down on my knees
I wanna take you there
In the midnight hour
I can feel your power
Just like a prayer
You know I'll take you there

Life is a mystery
Everyone must stand alone
I hear you call my name
And it feels like home

Just like a prayer
Your voice can take me there
Just like a muse to me
You are a mystery
Just like a dream
You are not what you seem
Just like a prayer, no choice
Your voice can take me there

Just like a prayer, I'll take you there
It's like a dream to me (Mm, mm-mm)
Just like a prayer, I'll take you there (I'll take you there)
It's like a dream to me (Oh, oh-oh-oh yeah)
Just like a prayer, I'll take you there (I'll take you there)
It's like a dream to me (Oh yeah, yeah, yeah yeah yeah yeah)
Just like a prayer, I'll take you there (Oh, yeah)
It's like a dream to me (Oh, oh)

Just like a prayer
Your voice can take me there
Just like a muse to me
You are a mystery
Just like a dream
You are not what you seem
Just like a prayer, no choice
Your voice can take me there
Just like a prayer
Your voice can take me there
Just like a muse to me
You are a mystery
Just like a dream
You are not what you seem
Just like a prayer, no choice
Your voice can take me there
Your voice can take me there
Like a prayer

It's like a prayer, your voice can take me there
It's like a prayer
It's like a prayer, your voice can take me there
It's like a prayer
It's like a prayer, your voice can take me there
It's like a prayer
It's like a prayer, your voice can take me there
It's like a prayer",,https://genius.com/Madonna-like-a-prayer-lyrics,,,aggressive,Spotify: 429 Client Error: Too Many Requests for url: https://api.spotify.com/v1/search?q=track%3ALike+a+Prayer+artist%3AMadonna&type=track&limit=5,genius,1z3ugFmUKoCzGsI6jdY4Ci,Like a Prayer,Madonna,Celebration (double disc version),0.257,0.842,111.037,0.624,0.264,2.11e-05,0.0376,0.181,5.0,1.0,kaggle
Havana,Camila Cabello,"Hey

Havana, ooh, na-na (
Hey
)
Half of my heart is in Havana, ooh na-na (
Hey, hey
)
He took me back to East Atlanta, na-na-na, ah
Oh, but my heart is in Havana (
Hey
)
There's somethin' 'bout his manners (Uh-huh)
Havana, ooh, na-na (
Uh
)

He didn't walk up with that ""how you doin'?"" (
Uh
)
When he came in the room
He said there's a lot of girls I can do with (Uh)
But I can't without you
I knew him forever in a minute (Hey)
That summer night in June
And papa says he got malo in him (
Uh
)

He got me feelin' like, ""Ooh, ooh, ooh-ooh"" (Ayy)
I knew it when I met him (Ayy), I loved him when I left him
Got me feelin' like, ""Ooh, ooh, ooh-ooh""
And then I had to tell him, I had to go
Oh, na-na-na-na-na (Woo)

Havana, ooh, na-na (
Hey, hey
)
Half of my heart is in Havana, ooh na-na (
Hey, hey, uh-huh
)
He took me back to East Atlanta, na-na-na
Oh, but my heart is in Havana (
Huh
)
My heart is in Havana (
Hey
)
Havana, ooh, na-na

(Jeffery) Just graduated, fresh on campus, hm
Fresh out East Atlanta with no manners, damn
Fresh out East Atlanta
Bump on her bumper like a traffic jam
Hey, I was quick to pay that girl like Uncle Sam (Here you go, ayy)
Back it on me (Back it up)
Shawty cravin' on me, get to eatin' on me (On me)
She waited on me (And what?)
Shawty cakin' on me, got the bacon on me (Wait up)
This is history in the makin', homie (Homie)
Point blank, close range that B (Tah, tah)
If it cost a million, that's me (That's me)
I was gettin' mula, baby (Hey)

Havana, ooh, na-na (
Hey, hey
)
Half of my heart is in Havana, ooh, na-na (
Hey, hey; oh, oh
)
He took me back to East Atlanta (
Uh-huh
), na-na-na (Oh no)
Oh, but my heart is in Havana (
Huh
)
My heart is in Havana (
Ayy
)
Havana, ooh, na-na

Ooh, na-na, oh, na-na-na (
Ooh, ooh, ooh-ooh
)
Take me back, back, back, like (Yeah, babe)
Ooh, na-na, oh, na-na-na
Take me back, back, back, like (Yeah, yeah)
Ooh, na-na, 
oh, na-na-na
Take me back, back, back like (Yeah, babe)
Ooh, na-na, 
oh, na-na-na
Take me back, back, back
 (Ah)
Ayy, ayy
Ooh, ooh, ooh-ooh (Ayy)
Ooh, ooh, ooh-ooh (Ayy)
Take me back to my Havana

Havana, ooh, na-na
Half of my heart is in Havana, ooh, na-na (Oh, yeah)
He took me back to East Atlanta, na-na-na (
Hey, hey
)
Oh, but my heart is in Havana
My heart is in Havana (
Hey
)
Havana, ooh, na-na (
Uh-huh
)

Oh, na-na-na (
Oh, na, yeah
)
Oh, na-na-na
Oh, na-na-na (
No, no, no, take me back
)
Oh, na-na-na
Havana, ooh, na-na",,https://genius.com/Camila-cabello-havana-lyrics,,,dark,Spotify: 429 Client Error: Too Many Requests for url: https://api.spotify.com/v1/search?q=track%3AHavana+artist%3ACamila+Cabello&type=track&limit=5,genius,0ofbQMrRDsUaVKq2mGLEAb,Havana,Camila Cabello,Havana,0.418,0.517,104.992,0.768,0.186,3.8e-05,0.0312,0.104,7.0,0.0,kaggle
Lose You To Love Me,Selena Gomez,"You promised the world and I fell for it
I put you first and you adored it
Set fires to my forest
And you let it burn
Sang off-key in my chorus
'Cause it wasn't yours
I saw the signs and I ignored it
Rose-colored glasses all distorted
Set fire to my purpose
And I let it burn
You got off on the hurting
When it wasn't yours, yeah

We'd always go into it blindly
I needed to lose you to find me
This dancing was killing me softly
I needed to hate you to love me, yeah

To love, love, yeah
To love, love, yeah
To love, yeah
I needed to lose you to love me, yeah
To love, love, yeah
To love, love, yeah
To love, yeah
I needed to lose you to love me

I gave my all and they all know it
Then you tore me down and now it's showing
In two months, you replaced us
Like it was easy
Made me think I deserved it
In the thick of healing, yeah

We'd always go into it blindly
I needed to lose you to find me
This dancing was killing me softly
I needed to hate you to love me, yeah

To love, love, yeah
To love, love, yeah
To love, yeah
I needed to lose you to love me, yeah
To love, love, yeah
To love, love, yeah
To love, yeah
I needed to lose you to love me

You promised the world and I fell for it
I put you first and you adored it
Set fires to my forest
And you let it burn
Sang off-key in my chorus

To love, love, yeah
To love, love, yeah
To love, yeah
I needed to hate you to love me, yeah
To love, love, yeah
To love, love, yeah
To love, yeah
I needed to lose you to love me
To love, love, yeah
To love, love, yeah
To love, yeah

And now the chapter is closed and done
To love, love, yeah
To love, love, yeah
To love, yeah
And now it's goodbye, it's goodbye for us",,https://genius.com/Selena-gomez-lose-you-to-love-me-lyrics,,,melancholic,Spotify: 429 Client Error: Too Many Requests for url: https://api.spotify.com/v1/search?q=track%3ALose+You+To+Love+Me+artist%3ASelena+Gomez&type=track&limit=5,genius,1HfMVBKM75vxSfsQ5VefZ5,Lose You To Love Me,Selena Gomez,Lose You To Love Me,0.0916,0.34,101.993,0.505,0.576,0.0,0.0438,0.21,4.0,1.0,kaggle
Tiny Dancer,Elton John,"Blue jean baby, L.A. lady
Seamstress for the band
Pretty-eyed, pirate smile
You'll marry a music man
Ballerina, you must've seen her
Dancing in the sand
And now she's in me, always with me
Tiny dancer in my hand

Jesus freaks out in the street
Handing tickets out for God
Turning back, she just laughs
The boulevard is not that bad
Piano man, he makes his stand
In the auditorium
Looking on, she sings the songs
The words she knows, the tune she hums

But, oh, how it feels so real
Lying here with no one near
Only you, and you can hear me
When I say softly, slowly

Hold me closer, tiny dancer
Count the headlights on the highway
Lay me down in sheets of linen
You had a busy day today
Hold me closer, tiny dancer
Count the headlights on the highway
Lay me down in sheets of linen
You had a busy day today

Blue jean baby, L.A. lady
Seamstress for the band
Pretty-eyed, pirate smile
You'll marry a music man
Ballerina, you must've seen her
Dancing in the sand
And now she's in me, always with me
Tiny dancer in my hand

Oh, how it feels so real
Lying here with no one near
Only you, and you can hear me
When I say softly, slowly

Hold me closer, tiny dancer
Count the headlights on the highway
Lay me down in sheets of linen
You had a busy day today
Hold me closer, tiny dancer
Count the headlights on the highway
Lay me down in sheets of linen
You had a busy day today
Ooh",,https://genius.com/Elton-john-tiny-dancer-lyrics,,,melancholic,Spotify: 429 Client Error: Too Many Requests for url: https://api.spotify.com/v1/search?q=track%3ATiny+Dancer+artist%3AElton+John&type=track&limit=5,genius,2TVxnKdb3tqe1nhQWwwZCO,Tiny Dancer,Elton John,Madman Across The Water,0.282,0.428,145.075,0.414,0.382,0.000243,0.0278,0.148,0.0,1.0,kaggle
Hey Brother,Avicii,"Hey, brother
There's an endless road to rediscover
Hey, sister
Know the water's sweet, but blood is thicker

Oh, if the sky comes fallin' down, for you
There's nothin' in this world I wouldn't do

Hey, brother
Do you still believe in one another?
Hey, sister
Do you still believe in love? I wonder

Oh, if the sky comes fallin' down, for you
There's nothin' in this world I wouldn't do
(Ah)

What if I'm far from home?
Oh, brother, I will hear you call
What if I lose it all?
Oh, sister, I will help you out
Oh, if the sky comes fallin' down, for you
There's nothin' in this world I wouldn't do



Hey, brother
There's an endless road to rediscover
Hey, sister
Do you still believe in love? I wonder

Oh, if the sky comes fallin' down, for you
There's nothin' in this world I wouldn't do
(Ah)

What if I'm far from home?
Oh, brother, I will hear you call
What if I lose it all?
Oh, sister, I will help you out
Oh, if the sky comes fallin' down, for you
There's nothin' in this world I wouldn't do",,https://genius.com/Avicii-hey-brother-lyrics,,,aggressive,Spotify: 429 Client Error: Too Many Requests for url: https://api.spotify.com/v1/search?q=track%3AHey+Brother+artist%3AAvicii&type=track&limit=5,genius,4RXpgGM7A4Hg7cFBoH5KyF,Hey Brother,Avicii,True,0.458,0.78,125.014,0.545,0.0309,4.64e-05,0.0436,0.0828,7.0,0.0,kaggle
Sin Pijama,Becky G,"Solo, solito en la habitación
Busca, que busca de mi calor, uoh-oh, no-no
Quiere' remedio pa' tu dolor
Nadie te lo hace mejor que yo, uoh-oh, 
no-no

Que no se te apague la situación
Tú sabe' que yo no te dejo planta'o
Calma'o, que yo voy en camino, amor
Calma'o, que yo quiero contigo

Si tú me llama'
No' vamo' pa' tu casa
No' quedamo' en la cama
Sin pijama, sin pijama
Si tú me llamas
No' vamo' pa' tu casa
No' quedamo' en la cama
Sin pijama, sin pijama (Yo, yo, yo)

Voy a contarle mis secretos a tu almohada
Mientras tanto hagamo' videollamada
Me manda foto, fotico, mostrando todo, todito
Cuando llegue desbaratamo' la cama

Baby, hoy no vamo' a dormir (No)
Baby, hoy no vamo' a dormir (Shiuf-shiuf-shiuf)
Que no traje pijama porque no me dio la gana
Baby, hoy no vamo' a dormir
Baby, hoy no vamo' a dormir (No)
Baby, hoy no vamo' a dormir (Shiuf-shiuf-shiuf)
Que no traje pijama porque no me dio la gana
Baby, hoy no vamo' a dormir

Si tú me llama'
No' vamo' pa' tu casa
No' quedamo' en la cama
Sin pijama, sin pijama
Si tú me llamas
No' vamo' pa' tu casa
No' quedamo' en la cama
Sin pijama, sin pijama (Rude gyal)

Si no hay teatro, deja el drama, enciéndeme la llama
Como yo vine al mundo, ese es mi mejor pijama
Hoy hay toque de queda
Seré tuya hasta la mañana
La pasamo' romantic sin piloto automatic
Botamos el manual, 'tamos viajando en cannabis
Siempre he sido una dama (Rude gyal)
Pero soy una perra en la cama

Así que dale pom-pom-pom-pom-pom
Ponle carne a mi sazón-zón-zón-zón-zón
Choca to' eso con mi bon-bon-bon-bon-bon
Perdemo' el control pa' ganar los do'
Así que dale pom-pom-pom-pom-pom
Ponle fuego a mi sazón-zón-zón-zón-zón
Choca to' eso con mi bon-bon-bon-bon-bon
Espero tu call, vente, dame el gol

Si tú me llama'
No' vamo' pa' tu casa
No' quedamo' en la cama
Sin pijama, sin pijama
Si tú me llamas
No' vamo' pa' tu casa
Fumamo' marihuana
Sin pijama, sin pijama

(Baby, hoy no vamo' a dormir)
Natti Nat (Baby, hoy no vamo' a dormir)
Natti Nat, yeah-yeah
(Que no traje pijama porque no me dio la gana)
Becky G, baby (Baby, hoy no vamo' a dormir)",,https://genius.com/Becky-g-and-natti-natasha-sin-pijama-lyrics,,,uplifting,Spotify: 429 Client Error: Too Many Requests for url: https://api.spotify.com/v1/search?q=track%3ASin+Pijama+artist%3ABecky+G&type=track&limit=5,genius,2ijef6ni2amuunRoKTlgww,Sin Pijama,Becky G,Sin Pijama,0.82,0.745,94.014,0.791,0.354,2.93e-05,0.0464,0.104,11.0,0.0,kaggle
